conuty,state,fips,rate"Aleutians East, AK",AK,2013,"Aleutians West, AK",AK,2016,"Bethel, AK",AK,2050,"Bristol Bay, AK",AK,2060,"Denali, AK",AK,2068,"Dillingham, AK",AK,2070,"Haines, AK",AK,2100,"Hoonah-Angoon, AK",AK,2105,"Lake and Peninsula, AK",AK,2164,"Nome, AK",AK,2180,"North Slope, AK",AK,2185,"Northwest Arctic, AK",AK,2188,"Skagway, AK",AK,2230,"Southeast Fairbanks, AK",AK,2240,"Wade Hampton, AK",AK,2270,"Yakutat, AK",AK,2282,"Yukon-Koyukuk, AK",AK,2290,"Nevada, AR",AR,5099,"Alpine, CA",CA,6003,"Costilla, CO",CO,8023,"Custer, CO",CO,8027,"Dolores, CO",CO,8033,"Gilpin, CO",CO,8047,"Hinsdale, CO",CO,8053,"Jackson, CO",CO,8057,"Mineral, CO",CO,8079,"Saguache, CO",CO,8109,"San Juan, CO",CO,8111,"Washington, CO",CO,8121,"Baker, GA",GA,13007,"Chattahoochee, GA",GA,13053,"Echols, GA",GA,13101,"Glascock, GA",GA,13125,"Quitman, GA",GA,13239,"Talbot, GA",GA,13263,"Taliaferro, GA",GA,13265,"Kalawao, HI",HI,15005,"Adams, ID",ID,16003,"Boise, ID",ID,16015,"Camas, ID",ID,16025,"Clark, ID",ID,16033,"Lincoln, ID",ID,16063,"Gallatin, IL",IL,17059,"Stark, IL",IL,17175,"Warren, IN",IN,18171,"Keokuk, IA",IA,19107,"Chase, KS",KS,20017,"Doniphan, KS",KS,20043,"Kingman, KS",KS,20095,"Stafford, KS",KS,20185,"Wabaunsee, KS",KS,20197,"Wichita, KS",KS,20203,"Robertson, KY",KY,21201,"Cameron, LA",LA,22023,"Keweenaw, MI",MI,26083,"Issaquena, MS",MS,28055,"DeKalb, MO",MO,29063,"Holt, MO",MO,29087,"Ralls, MO",MO,29173,"Schuyler, MO",MO,29197,"Carter, MT",MT,30011,"Garfield, MT",MT,30033,"Golden Valley, MT",MT,30037,"Granite, MT",MT,30039,"Judith Basin, MT",MT,30045,"McCone, MT",MT,30055,"Musselshell, MT",MT,30065,"Petroleum, MT",MT,30069,"Prairie, MT",MT,30079,"Sheridan, MT",MT,30091,"Treasure, MT",MT,30103,"Wibaux, MT",MT,30109,"Arthur, NE",NE,31005,"Banner, NE",NE,31007,"Blaine, NE",NE,31009,"Frontier, NE",NE,31063,"Gosper, NE",NE,31073,"Grant, NE",NE,31075,"Hayes, NE",NE,31085,"Hitchcock, NE",NE,31087,"Hooker, NE",NE,31091,"Keya Paha, NE",NE,31103,"Kimball, NE",NE,31105,"Logan, NE",NE,31113,"Loup, NE",NE,31115,"McPherson, NE",NE,31117,"Rock, NE",NE,31149,"Sioux, NE",NE,31165,"Stanton, NE",NE,31167,"Thomas, NE",NE,31171,"Wheeler, NE",NE,31183,"Esmeralda, NV",NV,32009,"Eureka, NV",NV,32011,"Storey, NV",NV,32029,"Catron, NM",NM,35003,"Harding, NM",NM,35021,"Hidalgo, NM",NM,35023,"Mora, NM",NM,35033,"Hamilton, NY",NY,36041,"Camden, NC",NC,37029,"Billings, ND",ND,38007,"Burke, ND",ND,38013,"Golden Valley, ND",ND,38033,"Oliver, ND",ND,38065,"Sheridan, ND",ND,38083,"Sioux, ND",ND,38085,"Slope, ND",ND,38087,"Steele, ND",ND,38091,"Beaver, OK",OK,40007,"Sherman, OR",OR,41055,"Wheeler, OR",OR,41069,"Aurora, SD",SD,46003,"Buffalo, SD",SD,46017,"Campbell, SD",SD,46021,"Corson, SD",SD,46031,"Dewey, SD",SD,46041,"Hamlin, SD",SD,46057,"Hanson, SD",SD,46061,"Harding, SD",SD,46063,"Hyde, SD",SD,46069,"Jackson, SD",SD,46071,"Jones, SD",SD,46075,"Sanborn, SD",SD,46111,"Shannon, SD",SD,46113,"Sully, SD",SD,46119,"Todd, SD",SD,46121,"Ziebach, SD",SD,46137,"Archer, TX",TX,48009,"Armstrong, TX",TX,48011,"Borden, TX",TX,48033,"Briscoe, TX",TX,48045,"Clay, TX",TX,48077,"Cochran, TX",TX,48079,"Coke, TX",TX,48081,"Collingsworth, TX",TX,48087,"Concho, TX",TX,48095,"Cottle, TX",TX,48101,"Culberson, TX",TX,48109,"Edwards, TX",TX,48137,"Glasscock, TX",TX,48173,"Hartley, TX",TX,48205,"Hudspeth, TX",TX,48229,"Irion, TX",TX,48235,"Jeff Davis, TX",TX,48243,"Kenedy, TX",TX,48261,"Kent, TX",TX,48263,"King, TX",TX,48269,"Knox, TX",TX,48275,"Lipscomb, TX",TX,48295,"Loving, TX",TX,48301,"McMullen, TX",TX,48311,"Menard, TX",TX,48327,"Mills, TX",TX,48333,"Motley, TX",TX,48345,"Oldham, TX",TX,48359,"Presidio, TX",TX,48377,"Real, TX",TX,48385,"Roberts, TX",TX,48393,"Schleicher, TX",TX,48413,"Shackelford, TX",TX,48417,"Sterling, TX",TX,48431,"Terrell, TX",TX,48443,"Throckmorton, TX",TX,48447,"Daggett, UT",UT,49009,"Piute, UT",UT,49031,"Wayne, UT",UT,49055,"Charles City, VA",VA,51036,"Greensville, VA",VA,51081,"Highland, VA",VA,51091,"King and Queen, VA",VA,51097,"Madison, VA",VA,51113,"Prince George, VA",VA,51149,"Rappahannock, VA",VA,51157,"Rockbridge, VA",VA,51163,"Surry, VA",VA,51181,"Bedford City, VA",VA,51515,"Manassas Park, VA",VA,51685,"Williamsburg, VA",VA,51830,"Florence, WI",WI,55037,"Menominee, WI",WI,55078,"Norton, VA",VA,51720,504.9"Martinsville, VA",VA,51690,444.4"Galax, VA",VA,51640,431.1"Emporia, VA",VA,51595,300.6"Franklin City, VA",VA,51620,271.8"Lexington, VA",VA,51678,269"Whitley, KY",KY,21235,265.2"Covington, VA",VA,51580,256.4"Bell, KY",KY,21013,252.7"Walker, AL",AL,1127,249.9"Owsley, KY",KY,21189,249.7"Floyd, KY",KY,21071,245"Hardin, IL",IL,17069,243.4"Colonial Heights, VA",VA,51570,243"Pike, KY",KY,21195,242.4"Waynesboro, VA",VA,51820,232.1"Campbell, TN",TN,47013,228.1"Colbert, AL",AL,1033,222.9"Franklin, AL",AL,1059,222.4"Clay, KY",KY,21051,220.9"Salem, VA",VA,51775,220.7"Claiborne, TN",TN,47025,219.4"Leslie, KY",KY,21131,217.7"Perry, KY",KY,21193,217.6"Forrest, MS",MS,28035,217.4"Scotland, NC",NC,37165,216.7"Wise, VA",VA,51195,214.1"Saline, IL",IL,17165,213.5"Trousdale, TN",TN,47169,212.2"Evangeline, LA",LA,22039,209.8"Breathitt, KY",KY,21025,208.8"Ben Hill, GA",GA,13017,208.1"Logan, WV",WV,54045,206.6"Ware, GA",GA,13299,205.9"Haralson, GA",GA,13143,205.1"Cocke, TN",TN,47029,201.5"Cumberland, KY",KY,21057,201.1"Tazewell, VA",VA,51185,200.5"Marshall, AL",AL,1095,200.4"Covington, AL",AL,1039,198.8"Butler, MO",MO,29023,197.5"Henry, TN",TN,47079,196.1"Seminole, GA",GA,13253,195.8"Wolfe, KY",KY,21237,194.9"Marion, AL",AL,1093,192.9"Marion, MS",MS,28091,192.9"Wyoming, WV",WV,54109,192.8"Sequatchie, TN",TN,47153,191.3"Staunton, VA",VA,51790,190.1"Winchester, VA",VA,51840,189.9"Grundy, TN",TN,47061,189.4"Columbus, NC",NC,37047,189.1"Clay, TN",TN,47027,189"Alcorn, MS",MS,28003,188.9"Danville, VA",VA,51590,188.6"Pratt, KS",KS,20151,188.5"Bristol, VA",VA,51520,186"McNairy, TN",TN,47109,185.7"Johnson, KY",KY,21115,183.7"Roscommon, MI",MI,26143,183.3"Dyer, TN",TN,47045,183.2"Lancaster, VA",VA,51103,183.2"Carbon, UT",UT,49007,183.1"Fentress, TN",TN,47049,182.6"Garland, AR",AR,5051,182.5"Carroll, KY",KY,21041,181.9"McCracken, KY",KY,21145,181.6"Surry, NC",NC,37171,181.6"Fulton, KY",KY,21075,181.1"Hamblen, TN",TN,47063,180.4"DeKalb, TN",TN,47041,180.3"Clinton, KY",KY,21053,179.1"Crisp, GA",GA,13081,178.6"Sullivan, TN",TN,47163,178.2"McMinn, TN",TN,47107,178.1"St. Francois, MO",MO,29187,176.7"Howell, MO",MO,29091,176.5"Fredericksburg, VA",VA,51630,175.9"Pike, MS",MS,28113,175.8"Coffee, TN",TN,47031,175.5"Childress, TX",TX,48075,175.1"Carter, OK",OK,40019,174.8"Sebastian, AR",AR,5131,174.6"Greene, AR",AR,5055,174.4"Escambia, AL",AL,1053,174.3"Boone, WV",WV,54005,172.5"Dunklin, MO",MO,29069,172.3"McDuffie, GA",GA,13189,172.2"Cullman, AL",AL,1043,172"Etowah, AL",AL,1055,171.9"Howard, AR",AR,5061,170.8"Polk, GA",GA,13233,170.8"Boone, AR",AR,5009,169.5"George, MS",MS,28039,169.4"Winston, AL",AL,1133,169.3"Cherokee, AL",AL,1019,169.2"Stone, MS",MS,28131,168.9"Morton, KS",KS,20129,168.7"Jones, MS",MS,28067,168.5"Rhea, TN",TN,47143,168.5"Stephens, GA",GA,13257,167.9"Anderson, TN",TN,47001,167.9"Scott, IN",IN,18143,167.5"Iosco, MI",MI,26069,167.3"Coffee, GA",GA,13069,167"Decatur, TN",TN,47039,166.8"Warren, TN",TN,47177,166.3"Adams, MS",MS,28001,166"Clarke, AL",AL,1025,165.6"Alamosa, CO",CO,8003,165.5"Calhoun, AL",AL,1015,165.4"Magoffin, KY",KY,21153,165"Crawford, AR",AR,5033,164.7"Independence, AR",AR,5063,164.7"Craighead, AR",AR,5031,164.4"Pittsburg, OK",OK,40121,164.2"Mitchell, NC",NC,37121,164.1"Murray, OK",OK,40099,164.1"Massac, IL",IL,17127,163.9"Little River, AR",AR,5081,163.8"Monroe, TN",TN,47123,163.8"Wexford, MI",MI,26165,163.7"Union, IL",IL,17181,163.5"Osborne, KS",KS,20141,163.5"Desha, AR",AR,5041,163.3"Fannin, GA",GA,13111,163.3"Lauderdale, MS",MS,28075,162.7"Ripley, MO",MO,29181,162.7"Fayette, AL",AL,1057,162"Wayne, TN",TN,47181,162"Scott, VA",VA,51169,161.9"Harmon, OK",OK,40057,161.5"Phillips, AR",AR,5107,161.4"St. Bernard, LA",LA,22087,161.3"Hardin, TN",TN,47071,161.1"Neshoba, MS",MS,28099,161"Ogemaw, MI",MI,26129,160.9"Candler, GA",GA,13043,160.8"Roane, TN",TN,47145,160.4"Floyd, GA",GA,13115,160.1"Lee, KY",KY,21129,160.1"Otsego, MI",MI,26137,160.1"Stone, AR",AR,5137,159.5"Graham, KS",KS,20065,159.1"Malheur, OR",OR,41045,158.8"Lamar, TX",TX,48277,158.6"Grenada, MS",MS,28043,157.9"Lewis, TN",TN,47101,157.9"Petersburg, VA",VA,51730,157.5"Nicholas, WV",WV,54067,157.4"Darlington, SC",SC,45031,157"Allen, KS",KS,20001,156.9"Montgomery, KY",KY,21173,156.8"Russell, KY",KY,21207,156.6"Toombs, GA",GA,13279,155.9"Scott, AR",AR,5127,155.5"Wadena, MN",MN,27159,155.3"Burke, NC",NC,37023,154.9"Smith, TN",TN,47159,154.6"Bryan, OK",OK,40013,154.4"Randolph, GA",GA,13243,154.3"Curry, OR",OR,41015,154"Clinch, GA",GA,13065,153.4"Jasper, MO",MO,29097,152.7"Rapides, LA",LA,22079,152.6"Wilbarger, TX",TX,48487,152.5"Madison, MO",MO,29123,152.3"Putnam, TN",TN,47141,152.1"Wayne, GA",GA,13305,152"Jackson, OH",OH,39079,151.8"Lawrence, TN",TN,47099,151.8"Luce, MI",MI,26095,151.7"Bacon, GA",GA,13005,151.2"St. Landry, LA",LA,22097,151.2"Letcher, KY",KY,21133,150.8"Mercer, WV",WV,54055,150.8"Williamson, IL",IL,17199,150"Houston, TN",TN,47083,149.9"Dawson, GA",GA,13085,149.5"Powell, KY",KY,21197,149.4"Kane, UT",UT,49025,149.4"Trego, KS",KS,20195,148.8"Carroll, TN",TN,47017,148.7"Hancock, TN",TN,47067,148.5"Jackson, AR",AR,5067,148.4"Wilkes, GA",GA,13317,148.4"Tishomingo, MS",MS,28141,148"Henderson, KY",KY,21101,147.5"Chambers, AL",AL,1017,147.3"Pearl River, MS",MS,28109,147.3"Henderson, TN",TN,47077,147.3"White, TN",TN,47185,147.1"Sharp, AR",AR,5135,147"Del Norte, CA",CA,6015,147"Dickson, TN",TN,47043,147"Rabun, GA",GA,13241,146.9"Giles, TN",TN,47055,146.9"Houston, AL",AL,1069,146.6"Coos, OR",OR,41011,146.5"Asotin, WA",WA,53003,146.5"Unicoi, TN",TN,47171,146.4"Maury, TN",TN,47119,146.1"Union, IA",IA,19175,145.8"Henry, MO",MO,29083,145.4"Cumberland, TN",TN,47035,145.4"Estill, KY",KY,21065,145.2"Tift, GA",GA,13277,145.1"Raleigh, WV",WV,54081,144.6"Union, GA",GA,13291,144.5"Elbert, GA",GA,13105,144.4"Clay, AR",AR,5021,144.2"Spalding, GA",GA,13255,144.1"Bleckley, GA",GA,13023,143.9"McClain, OK",OK,40087,143.7"Benton, TN",TN,47005,143.5"Beaufort, NC",NC,37013,143.4"Clare, MI",MI,26035,143.3"Mobile, AL",AL,1097,143"Giles, VA",VA,51071,142.6"Ouachita, AR",AR,5103,142.5"Saline, KS",KS,20169,142.5"Pemiscot, MO",MO,29155,142.3"Washington, FL",FL,12133,142.1"Nye, NV",NV,32023,141.9"Adams, IL",IL,17001,141.8"Rowan, KY",KY,21205,141.8"Gibson, TN",TN,47053,141.6"Bradley, TN",TN,47011,141.3"Wasco, OR",OR,41065,141.2"Lawrence, IN",IN,18093,141.1"Florence, SC",SC,45041,140.9"Fayette, IN",IN,18041,140.8"Baker, OR",OR,41001,140.8"Tangipahoa, LA",LA,22105,140.7"Caldwell, NC",NC,37027,140.7"Butler, AL",AL,1013,140.5"Baxter, AR",AR,5005,140.5"Lauderdale, AL",AL,1077,140.2"Marion, IL",IL,17121,140.2"Wayne, MS",MS,28153,140.2"Talladega, AL",AL,1121,140.1"Robeson, NC",NC,37155,140.1"Mellette, SD",SD,46095,140"Humphreys, TN",TN,47085,139.9"Clay, NC",NC,37043,139.8"Clay, AL",AL,1027,139.7"Wayne, KY",KY,21231,139.7"Smyth, VA",VA,51173,139.7"Harlan, KY",KY,21095,139.5"Hancock, WV",WV,54029,139.5"Gilmer, GA",GA,13123,139.4"Vanderburgh, IN",IN,18163,139.3"Carson City, NV",NV,32510,139.1"Cleveland, NC",NC,37045,139"Bibb, GA",GA,13021,138.8"Adair, MO",MO,29001,138.8"Robertson, TN",TN,47147,138.8"Martin, KY",KY,21159,138.7"Gregg, TX",TX,48183,138.7"Appomattox, VA",VA,51011,138.6"Floyd, IN",IN,18043,138.5"Union, KY",KY,21225,138.5"Morgan, AL",AL,1103,138"Dillon, SC",SC,45033,137.9"Upson, GA",GA,13293,137.7"Lynchburg, VA",VA,51680,137.6"Monroe, KY",KY,21171,137.5"Dickenson, VA",VA,51051,137.5"Iron, MO",MO,29093,137.3"Tate, MS",MS,28137,137.2"Tripp, SD",SD,46123,137.2"McDowell, WV",WV,54047,137.1"Mississippi, AR",AR,5093,137"Lake, CA",CA,6033,137"Butte, CA",CA,6007,136.9"Scott, TN",TN,47151,136.8"Pasquotank, NC",NC,37139,136.6"Gulf, FL",FL,12045,136.5"Hopkins, KY",KY,21107,136.5"Union, AR",AR,5139,136.3"Johnson, AR",AR,5071,136"Lincoln, OR",OR,41041,135.9"Smith, KS",KS,20183,135.8"Muskegon, MI",MI,26121,135.8"Tulsa, OK",OK,40143,135.8"Cabell, WV",WV,54011,135.7"Las Animas, CO",CO,8071,135.6"Pulaski, VA",VA,51155,135.6"Cheboygan, MI",MI,26031,135.4"Richmond, NC",NC,37153,134.9"Marshall, TN",TN,47117,134.9"Mineral, NV",NV,32021,134.8"Greene, TN",TN,47059,134.8"Monroe, AL",AL,1099,134.5"Evans, GA",GA,13109,134.5"Caldwell, KY",KY,21033,134.4"Muhlenberg, KY",KY,21177,134.3"Harrison, MS",MS,28047,134.3"Moore, NC",NC,37125,134.3"Colleton, SC",SC,45029,134.3"Fayette, PA",PA,42051,134.2"Mingo, WV",WV,54059,134.2"Pope, AR",AR,5115,134.1"Wapello, IA",IA,19179,134"Mohave, AZ",AZ,4015,133.9"Grayson, KY",KY,21085,133.9"Vance, NC",NC,37181,133.9"Conway, AR",AR,5029,133.7"Wright, MO",MO,29229,133.7"Washington, OH",OH,39167,133.7"Harrisonburg, VA",VA,51660,133.7"Clarke, MS",MS,28023,133.6"Mason, MI",MI,26105,133.5"Catawba, NC",NC,37035,133.5"Appanoose, IA",IA,19007,133.4"Emmet, MI",MI,26047,133.3"Hertford, NC",NC,37091,132.9"Lewis, ID",ID,16061,132.8"Itawamba, MS",MS,28057,132.7"Wood, WV",WV,54107,132.7"Shasta, CA",CA,6089,132.5"Stephens, OK",OK,40137,132.5"Knox, IN",IN,18083,132.4"Garfield, WA",WA,53023,132.4"Baldwin, AL",AL,1003,132.1"Coffee, AL",AL,1031,131.9"Chattooga, GA",GA,13055,131.9"Boyle, KY",KY,21021,131.9"Rockingham, NC",NC,37157,131.8"Kiowa, CO",CO,8061,131.5"Laurens, GA",GA,13175,131.5"Lowndes, MS",MS,28087,131.5"Madison, TN",TN,47113,131.5"Josephine, OR",OR,41033,131.2"Grundy, MO",MO,29079,131.1"Kanawha, WV",WV,54039,131"Marengo, AL",AL,1091,130.8"Hamilton, TN",TN,47065,130.8"Macon, TN",TN,47111,130.7"Weakley, TN",TN,47183,130.6"Marshall, WV",WV,54051,130.5"Pottawatomie, OK",OK,40125,130.4"Allegany, MD",MD,24001,130.3"Ramsey, ND",ND,38071,130.3"Brown, TX",TX,48049,130"Autauga, AL",AL,1001,129.9"Miller, AR",AR,5091,129.7"Arenac, MI",MI,26011,129.6"Appling, GA",GA,13001,129.5"Bradley, AR",AR,5011,129.3"Greene, GA",GA,13133,129.3"McCreary, KY",KY,21147,129.3"Jefferson, GA",GA,13163,129"Craven, NC",NC,37049,128.6"Webster, MS",MS,28155,128.4"Stanly, NC",NC,37167,128.3"Newaygo, MI",MI,26123,128.2"Cross, AR",AR,5037,128.1"Muskogee, OK",OK,40101,128.1"Clallam, WA",WA,53009,127.8"Greenwood, SC",SC,45047,127.7"Franklin, GA",GA,13119,127.6"Pickens, GA",GA,13227,127.6"Howard, IN",IN,18067,127.6"Grand Traverse, MI",MI,26055,127.6"Scott, MO",MO,29201,127.5"Nolan, TX",TX,48353,127.4"Greenbrier, WV",WV,54025,127.2"Genesee, MI",MI,26049,127.1"Gregory, SD",SD,46053,127.1"Franklin, TN",TN,47051,127.1"Lee, MS",MS,28081,127"Marion, SC",SC,45067,127"Franklin, IL",IL,17055,126.9"Gaston, NC",NC,37071,126.6"Pend Oreille, WA",WA,53051,126.5"Tuolumne, CA",CA,6109,126.4"Avoyelles, LA",LA,22009,126.4"Lawrence, AL",AL,1079,126.2"Washington, OK",OK,40147,126.2"Union, OR",OR,41061,126.2"Harrison, MO",MO,29081,126.1"Oconee, SC",SC,45073,126.1"Sevier, TN",TN,47155,125.9"Rogers, OK",OK,40131,125.7"Calhoun, MI",MI,26025,125.5"Cape Girardeau, MO",MO,29031,125.5"Dougherty, GA",GA,13095,125.4"Marion, MO",MO,29127,125.4"White, AR",AR,5145,125.3"Morgan, IL",IL,17137,125.3"Hood, TX",TX,48221,125.3"Decatur, GA",GA,13087,125.2"Jasper, IN",IN,18073,125.1"Crittenden, KY",KY,21055,124.9"Union, SC",SC,45087,124.9"Jefferson, TN",TN,47089,124.9"Nez Perce, ID",ID,16069,124.5"Sevier, UT",UT,49041,124.3"Union, MS",MS,28145,124.1"Clatsop, OR",OR,41007,124.1"Siskiyou, CA",CA,6093,124"Catoosa, GA",GA,13047,124"Montcalm, MI",MI,26117,123.9"Juneau, WI",WI,55057,123.9"Lawrence, MS",MS,28077,123.5"Lincoln, NC",NC,37109,123.5"Jefferson, AL",AL,1073,123.4"Jefferson, IN",IN,18077,123.4"Polk, AR",AR,5113,123.3"Barren, KY",KY,21009,123.3"Kent, MD",MD,24029,123.3"Bowie, TX",TX,48037,123.2"Alpena, MI",MI,26007,123"Halifax, NC",NC,37083,123"Essex, VA",VA,51057,122.9"Pleasants, WV",WV,54073,122.8"Casey, KY",KY,21045,122.7"Lincoln, MS",MS,28085,122.6"Adams, ND",ND,38001,122.2"Keith, NE",NE,31101,122"Horry, SC",SC,45051,121.9"Jefferson, OH",OH,39081,121.8"Kalkaska, MI",MI,26079,121.7"Churchill, NV",NV,32001,121.7"Bay, FL",FL,12005,121.5"Morgan, IN",IN,18109,121.2"Adair, KY",KY,21001,121.1"Gogebic, MI",MI,26053,121.1"Creek, OK",OK,40037,121"Ashley, AR",AR,5003,120.7"Chilton, AL",AL,1021,120.6"Johnson, TN",TN,47091,120.6"Pontotoc, OK",OK,40123,120.5"Wythe, VA",VA,51197,120.5"Ouachita, LA",LA,22073,120.4"Sharkey, MS",MS,28125,120.4"Tippah, MS",MS,28139,120.3"White, IL",IL,17193,120.1"Mercer, PA",PA,42085,120.1"Gordon, GA",GA,13129,120"Lee, NC",NC,37105,119.9"Harrison, WV",WV,54033,119.9"Grays Harbor, WA",WA,53027,119.7"Hempstead, AR",AR,5057,119.6"Columbia, FL",FL,12023,119.5"Early, GA",GA,13099,119.4"Winston, MS",MS,28159,119.4"Gloucester, VA",VA,51073,119.4"Carroll, GA",GA,13045,119.3"Washington, LA",LA,22117,119.3"Taney, MO",MO,29213,119.2"Orange, TX",TX,48361,119.2"Stephens, TX",TX,48429,119.2"Montgomery, KS",KS,20125,119.1"Lemhi, ID",ID,16059,118.9"Edgar, IL",IL,17045,118.9"Prentiss, MS",MS,28117,118.9"Camden, MO",MO,29029,118.9"St. Mary, LA",LA,22101,118.8"Gladwin, MI",MI,26051,118.8"Clay, IA",IA,19041,118.7"Ellis, KS",KS,20051,118.7"La Salle, LA",LA,22059,118.7"Buchanan, MO",MO,29021,118.7"Seward, KS",KS,20175,118.6"Lyon, KY",KY,21143,118.6"Attala, MS",MS,28007,118.6"Jefferson Davis, MS",MS,28065,118.5"Red Willow, NE",NE,31145,118.4"Bladen, NC",NC,37017,118.3"Dare, NC",NC,37055,118.3"Foster, ND",ND,38031,118.3"Mendocino, CA",CA,6045,118.2"Starke, IN",IN,18149,118.2"Pickett, TN",TN,47137,118"Russell, AL",AL,1113,117.9"Montgomery, IL",IL,17135,117.9"Leflore, MS",MS,28083,117.9"Pike, OH",OH,39131,117.9"Lake, OR",OR,41037,117.9"Page, IA",IA,19145,117.8"Van Buren, MI",MI,26159,117.8"Wilson, KS",KS,20205,117.7"St. Joseph, MI",MI,26149,117.7"DeKalb, AL",AL,1049,117.6"Towns, GA",GA,13281,117.6"Russell, VA",VA,51167,117.6"Oklahoma, OK",OK,40109,117.5"Madison, AL",AL,1089,117.4"Beckham, OK",OK,40009,117.4"Columbia, WA",WA,53013,117.4"Jackson, AL",AL,1071,117.3"Washington, ID",ID,16087,117.3"Lackawanna, PA",PA,42069,117.3"Livingston, MO",MO,29117,117.2"Oscoda, MI",MI,26135,117.1"Manassas, VA",VA,51683,117.1"Lee, IA",IA,19111,117"Baker, FL",FL,12003,116.9"Phelps, MO",MO,29161,116.9"Orange, IN",IN,18117,116.8"Brunswick, NC",NC,37019,116.8"Palo Pinto, TX",TX,48363,116.8"Simpson, MS",MS,28127,116.7"Columbia, AR",AR,5027,116.6"Drew, AR",AR,5043,116.6"Washington, MD",MD,24043,116.6"Pueblo, CO",CO,8101,116.5"Jefferson, IL",IL,17081,116.5"Madison, IN",IN,18095,116.5"Escambia, FL",FL,12033,116.4"Greene, MO",MO,29077,116.4"Gila, AZ",AZ,4007,116.3"Crawford, KS",KS,20037,116.2"Washington, VA",VA,51191,116.1"Dickinson, MI",MI,26043,116"Custer, MT",MT,30017,116"Spartanburg, SC",SC,45083,116"Washington, TN",TN,47179,116"Okeechobee, FL",FL,12093,115.9"Madison, GA",GA,13195,115.9"Clark, IN",IN,18019,115.9"Wabash, IL",IL,17185,115.8"Cheyenne, KS",KS,20023,115.8"Jefferson, NE",NE,31095,115.8"Dallas, AL",AL,1047,115.7"Teller, CO",CO,8119,115.6"Cherokee, SC",SC,45021,115.6"Hopewell, VA",VA,51670,115.6"Miller, GA",GA,13201,115.5"Grant, KY",KY,21081,115.4"Clay, MS",MS,28025,115.4"Dundy, NE",NE,31057,115.2"Linn, OR",OR,41043,115.2"Jefferson, LA",LA,22051,115.1"Gray, TX",TX,48179,115.1"Mason, KY",KY,21161,115"Walton, GA",GA,13297,114.8"Graham, NC",NC,37075,114.8"Taylor, TX",TX,48441,114.8"Amador, CA",CA,6005,114.7"Shoshone, ID",ID,16079,114.7"Jackson, MS",MS,28059,114.5"Harney, OR",OR,41025,114.5"Portsmouth, VA",VA,51740,114.5"Randolph, AR",AR,5121,114.4"Wayne, IN",IN,18177,114.4"New Hanover, NC",NC,37129,114.4"Jackson, OR",OR,41029,114.4"Marion, KY",KY,21155,114.2"Covington, MS",MS,28031,114.1"Carteret, NC",NC,37031,114.1"Tillamook, OR",OR,41057,114.1"Tuscaloosa, AL",AL,1125,114"Scioto, OH",OH,39145,113.7"Putnam, FL",FL,12107,113.6"Lane, OR",OR,41039,113.5"Martin, IN",IN,18101,113.3"Reno, KS",KS,20155,113.2"Carter, TN",TN,47019,113.2"Hardeman, TN",TN,47069,113.2"Elmore, AL",AL,1051,113.1"Marlboro, SC",SC,45069,112.9"Webster, LA",LA,22119,112.8"Haakon, SD",SD,46055,112.7"Grayson, TX",TX,48181,112.7"Northampton, VA",VA,51131,112.7"Randolph, WV",WV,54083,112.7"Daviess, KY",KY,21059,112.6"Shawnee, KS",KS,20177,112.5"Laclede, MO",MO,29105,112.5"Davie, NC",NC,37059,112.5"Jefferson, AR",AR,5069,112.4"Lucas, IA",IA,19117,112.4"Haskell, OK",OK,40061,112.4"Taylor, FL",FL,12123,112.3"Fountain, IN",IN,18045,112.3"Lee, VA",VA,51105,112.3"Randolph, AL",AL,1111,112.1"Grant, IN",IN,18053,112.1"Laurel, KY",KY,21125,112"Mecklenburg, VA",VA,51117,112"Cleburne, AR",AR,5023,111.9"Kennebec, ME",ME,23011,111.9"Knox, IL",IL,17095,111.8"Garden, NE",NE,31069,111.8"Pulaski, AR",AR,5119,111.6"Cameron, PA",PA,42023,111.5"Lincoln, TN",TN,47103,111.5"Otero, CO",CO,8089,111.4"Nassau, FL",FL,12089,111.4"Warren, MS",MS,28149,111.4"Bear Lake, ID",ID,16007,111.3"Vigo, IN",IN,18167,111.3"Cherokee, NC",NC,37039,111.3"Blair, PA",PA,42013,111.3"Cassia, ID",ID,16031,111.2"Wilkinson, MS",MS,28157,111.2"Woodward, OK",OK,40153,111.1"Bedford, TN",TN,47003,111.1"Lawrence, KY",KY,21127,111"Calcasieu, LA",LA,22019,110.9"Lauderdale, TN",TN,47097,110.9"Iron, UT",UT,49021,110.9"Madison, IL",IL,17119,110.8"Delta, MI",MI,26041,110.8"Panola, MS",MS,28107,110.8"Phelps, NE",NE,31137,110.8"Boundary, ID",ID,16021,110.7"St. Clair, MI",MI,26147,110.6"Caribou, ID",ID,16029,110.5"Loudon, TN",TN,47105,110.5"Greeley, KS",KS,20071,110.4"Bay, MI",MI,26017,110.4"Highland, OH",OH,39071,110.4"Trinity, CA",CA,6105,110.2"Lonoke, AR",AR,5085,110.1"Randolph, MO",MO,29175,110.1"LaPorte, IN",IN,18091,110"Jefferson Davis, LA",LA,22053,110"Crook, OR",OR,41013,110"Union, TN",TN,47173,110"Moffat, CO",CO,8081,109.8"Emanuel, GA",GA,13107,109.8"Person, NC",NC,37145,109.8"Coles, IL",IL,17029,109.5"White Pine, NV",NV,32033,109.5"Walworth, SD",SD,46129,109.5"Yancey, NC",NC,37199,109.4"Gallia, OH",OH,39053,109.4"Pickens, SC",SC,45077,109.4"Hughes, SD",SD,46065,109.4"Marion, TN",TN,47115,109.4"Hernando, FL",FL,12053,109.3"Jackson, GA",GA,13157,109.3"Warren, KY",KY,21227,109.3"Morehouse, LA",LA,22067,109.3"Cass, MO",MO,29037,109.3"Labette, KS",KS,20099,109.2"Clark, OH",OH,39023,109.2"Marion, OH",OH,39101,109.2"Custer, OK",OK,40039,109.2"Sullivan, IN",IN,18153,109.1"Pulaski, KY",KY,21199,109.1"Clinton, OH",OH,39027,109.1"Overton, TN",TN,47133,109.1"Roane, WV",WV,54087,109.1"Van Buren, AR",AR,5141,109"Coal, OK",OK,40029,108.9"Sutter, CA",CA,6101,108.8"Barry, MO",MO,29009,108.8"Iredell, NC",NC,37097,108.8"Mineral, WV",WV,54057,108.8"Douglas, OR",OR,41019,108.7"Hampton, SC",SC,45049,108.7"Caddo, LA",LA,22017,108.6"Chowan, NC",NC,37041,108.6"Simpson, KY",KY,21213,108.5"Talbot, MD",MD,24041,108.5"Benton, MO",MO,29015,108.5"Montgomery, AR",AR,5097,108.4"Perry, IN",IN,18123,108.3"Radford, VA",VA,51750,108.3"Roanoke City, VA",VA,51770,108.3"Marshall, KY",KY,21157,108.2"Washington, MS",MS,28151,108.2"Cannon, TN",TN,47015,108.2"Knox, TN",TN,47093,108.2"Silver Bow, MT",MT,30093,108.1"Craig, OK",OK,40035,108.1"Grainger, TN",TN,47057,108.1"Wetzel, WV",WV,54103,108.1"Habersham, GA",GA,13137,108"Lamar, AL",AL,1075,107.9"Jersey, IL",IL,17083,107.9"Atchison, KS",KS,20005,107.9"Cherokee, OK",OK,40021,107.9"Berrien, MI",MI,26021,107.8"Nash, NC",NC,37127,107.8"Benton, WA",WA,53005,107.8"Jennings, IN",IN,18079,107.7"Carroll, IA",IA,19027,107.7"St. Clair, AL",AL,1115,107.6"Franklin, MO",MO,29071,107.6"Wichita, TX",TX,48485,107.5"Twin Falls, ID",ID,16083,107.3"Cole, MO",MO,29051,107.3"Jackson, FL",FL,12063,107.2"Dubois, IN",IN,18037,107.2"Lewis, WA",WA,53041,107.1"Jackson, WV",WV,54035,107.1"Manistee, MI",MI,26101,107"Mitchell, GA",GA,13205,106.9"Bannock, ID",ID,16005,106.9"Des Moines, IA",IA,19057,106.7"Harrison, KY",KY,21097,106.7"Fayette, OH",OH,39047,106.7"Polk, TX",TX,48373,106.7"Norton, KS",KS,20137,106.6"Putnam, WV",WV,54079,106.6"Crittenden, AR",AR,5035,106.5"Dallas, AR",AR,5039,106.5"Cerro Gordo, IA",IA,19033,106.5"Langlade, WI",WI,55067,106.4"Cass, IA",IA,19029,106.3"St. Tammany, LA",LA,22103,106.3"Bamberg, SC",SC,45009,106.3"Oneida, ID",ID,16071,106.2"Livingston, LA",LA,22063,106.2"Transylvania, NC",NC,37175,106.2"Lucas, OH",OH,39095,106.1"James City, VA",VA,51095,106.1"Coahoma, MS",MS,28027,106"Ashe, NC",NC,37009,106"Ross, OH",OH,39141,106"Valley, ID",ID,16085,105.9"Sangamon, IL",IL,17167,105.9"Jackson, IL",IL,17077,105.8"Mahoning, OH",OH,39099,105.7"Tipton, TN",TN,47167,105.5"Angelina, TX",TX,48005,105.4"Butte, ID",ID,16023,105.3"Gem, ID",ID,16045,105.3"York, NE",NE,31185,105.2"Haywood, NC",NC,37087,105.2"Huron, OH",OH,39077,105.2"Muskingum, OH",OH,39119,105.2"Prince Edward, VA",VA,51147,105.2"Henry, IN",IN,18065,105.1"Okmulgee, OK",OK,40111,105.1"Summers, WV",WV,54089,105.1"Ripley, IN",IN,18137,105"Chester, TN",TN,47023,105"Butts, GA",GA,13035,104.9"Monroe, IA",IA,19135,104.9"Garrett, MD",MD,24023,104.9"Mayes, OK",OK,40097,104.9"Yankton, SD",SD,46135,104.9"Hart, GA",GA,13147,104.8"Dent, MO",MO,29065,104.8"Stoddard, MO",MO,29207,104.8"Pike, AL",AL,1109,104.7"Barton, KS",KS,20009,104.7"Butler, KS",KS,20015,104.7"Mercer, KY",KY,21167,104.7"Uinta, WY",WY,56041,104.7"Bartow, GA",GA,13015,104.6"Yavapai, AZ",AZ,4025,104.5"Northumberland, PA",PA,42097,104.5"DeSoto, MS",MS,28033,104.4"Webster, MO",MO,29225,104.4"Davison, SD",SD,46035,104.4"Crockett, TN",TN,47033,104.4"Hot Spring, AR",AR,5059,104.3"Cook, GA",GA,13075,104.3"Jay, IN",IN,18075,104.3"Bourbon, KS",KS,20011,104.3"Dodge, NE",NE,31053,104.3"Jackson, OK",OK,40065,104.3"Gilliam, OR",OR,41021,104.3"West Baton Rouge, LA",LA,22121,104.2"Jeff Davis, GA",GA,13161,104.1"Whitley, IN",IN,18183,104.1"Douglas, NV",NV,32005,104.1"Citrus, FL",FL,12017,104"Glynn, GA",GA,13127,104"Clay, IN",IN,18021,104"Tehama, CA",CA,6103,103.9"Pontotoc, MS",MS,28115,103.9"Quay, NM",NM,35037,103.9"Cambria, PA",PA,42021,103.9"Victoria, TX",TX,48469,103.9"Webster, KY",KY,21233,103.8"Sedgwick, KS",KS,20173,103.7"Guernsey, OH",OH,39059,103.7"Morris, TX",TX,48343,103.6"Washington, GA",GA,13303,103.5"Montgomery, OH",OH,39113,103.5"Stark, OH",OH,39151,103.5"Payne, OK",OK,40119,103.5"Shelby, AL",AL,1117,103.4"Nacogdoches, TX",TX,48347,103.4"Delaware, IN",IN,18035,103.3"Copiah, MS",MS,28029,103.3"Hocking, OH",OH,39073,103.3"Umatilla, OR",OR,41059,103.3"Burnet, TX",TX,48053,103.3"Young, TX",TX,48503,103.3"Tallapoosa, AL",AL,1123,103.1"Rutherford, NC",NC,37161,103.1"Belmont, OH",OH,39013,103.1"Levy, FL",FL,12075,102.9"Dorchester, SC",SC,45035,102.9"Conecuh, AL",AL,1035,102.8"Monroe, AR",AR,5095,102.8"Baldwin, GA",GA,13009,102.8"Thomas, KS",KS,20193,102.8"Rankin, MS",MS,28121,102.8"Cascade, MT",MT,30013,102.7"Hot Springs, WY",WY,56017,102.6"Terrebonne, LA",LA,22109,102.5"Lawrence, PA",PA,42073,102.5"Scott, KS",KS,20171,102.2"Lincoln, NE",NE,31111,102.2"Macon, IL",IL,17115,102.1"Allen, LA",LA,22003,102.1"Pawnee, OK",OK,40117,102.1"Bourbon, KY",KY,21017,102"Lafayette, LA",LA,22055,102"Polk, MO",MO,29167,102"Blount, TN",TN,47009,102"East Carroll, LA",LA,22035,101.9"Liberty, TX",TX,48291,101.9"Ketchikan Gateway, AK",AK,2130,101.8"Montgomery, IN",IN,18107,101.8"Franklin, KY",KY,21073,101.8"Crawford, MI",MI,26039,101.8"Trumbull, OH",OH,39155,101.8"Macomb, MI",MI,26099,101.7"Mason, WV",WV,54053,101.7"Washington, AR",AR,5143,101.6"Douglas, MN",MN,27041,101.6"Nemaha, NE",NE,31127,101.6"Troup, GA",GA,13285,101.5"Rutherford, TN",TN,47149,101.5"Ashland, WI",WI,55003,101.5"Cabarrus, NC",NC,37025,101.4"Jackson, NC",NC,37099,101.4"Aransas, TX",TX,48007,101.4"Kootenai, ID",ID,16055,101.3"Lyon, NV",NV,32019,101.2"Alleghany, NC",NC,37005,101.2"Bartholomew, IN",IN,18005,101.1"Floyd, IA",IA,19067,101.1"Monroe, MS",MS,28095,101.1"Scotts Bluff, NE",NE,31157,101.1"Ottawa, OK",OK,40115,101.1"Sawyer, WI",WI,55113,101.1"Obion, TN",TN,47131,101"Morgan, TN",TN,47129,100.9"Berkeley, WV",WV,54003,100.9"Chester, SC",SC,45023,100.8"Humboldt, CA",CA,6023,100.7"Thomas, GA",GA,13275,100.7"Monroe, MI",MI,26115,100.7"Jackson, IN",IN,18071,100.6"Eaton, MI",MI,26045,100.6"Lincoln, MT",MT,30053,100.6"Murray, GA",GA,13213,100.4"Gibson, IN",IN,18051,100.4"Barnwell, SC",SC,45011,100.4"Modoc, CA",CA,6049,100.2"Vermilion, IL",IL,17183,100.2"Kenai Peninsula, AK",AK,2122,100.1"Sussex, DE",DE,10005,100.1"Sumter, GA",GA,13261,100.1"Charlton, GA",GA,13049,100"Graves, KY",KY,21083,99.9"Ascension, LA",LA,22005,99.9"Clark, AR",AR,5019,99.7"Calhoun, TX",TX,48057,99.7"Butler, KY",KY,21031,99.6"Taylor, KY",KY,21217,99.6"Montezuma, CO",CO,8083,99.5"Page, VA",VA,51139,99.4"Houston, GA",GA,13153,99.3"Traverse, MN",MN,27155,99.3"Graham, AZ",AZ,4009,99.2"Franklin, KS",KS,20059,99.2"Boyd, KY",KY,21019,99.2"Santa Rosa, FL",FL,12113,99.1"Benewah, ID",ID,16009,99.1"Calloway, KY",KY,21035,99.1"Allen, OH",OH,39003,99"Wilson, TN",TN,47189,99"Pickens, AL",AL,1107,98.9"Lafourche, LA",LA,22057,98.8"Aitkin, MN",MN,27001,98.7"Washington, NC",NC,37187,98.7"Iberia, LA",LA,22045,98.6"Wilson, NC",NC,37195,98.6"Braxton, WV",WV,54007,98.6"Shiawassee, MI",MI,26155,98.5"Poinsett, AR",AR,5111,98.4"St. John the Baptist, LA",LA,22095,98.4"Brooke, WV",WV,54009,98.4"Clarke, GA",GA,13059,98.3"Schoolcraft, MI",MI,26153,98.3"Cumberland, NJ",NJ,34011,98.3"Le Flore, OK",OK,40079,98.3"Wabash, IN",IN,18169,98.2"Sierra, NM",NM,35051,98.2"Hardin, TX",TX,48199,98.2"Cowlitz, WA",WA,53015,98.2"Columbia, WI",WI,55021,98.2"Edwards, IL",IL,17047,98.1"Clark, KY",KY,21049,98.1"Beaver, UT",UT,49001,98.1"Bossier, LA",LA,22015,98"Chaffee, CO",CO,8015,97.9"Chemung, NY",NY,36015,97.9"Park, WY",WY,56029,97.9"Bonneville, ID",ID,16019,97.8"Lexington, SC",SC,45063,97.7"Scott, MS",MS,28123,97.6"Hopkins, TX",TX,48223,97.5"Wood, TX",TX,48499,97.5"Faulkner, AR",AR,5045,97.4"Wilkes, NC",NC,37193,97.4"Anderson, SC",SC,45007,97.4"Greene, IN",IN,18055,97.3"Georgetown, SC",SC,45043,97.3"Swain, NC",NC,37173,97.2"Mason, WA",WA,53045,97.2"Richland, IL",IL,17159,97.1"Choctaw, AL",AL,1023,97"Douglas, GA",GA,13097,97"Hall, GA",GA,13139,97"Whitfield, GA",GA,13313,97"Saginaw, MI",MI,26145,97"Perry, TN",TN,47135,97"Marion, WV",WV,54049,97"Saline, AR",AR,5125,96.9"Dodge, GA",GA,13091,96.9"Garfield, OK",OK,40047,96.9"Winnebago, IL",IL,17201,96.8"Jessamine, KY",KY,21113,96.8"Indian River, FL",FL,12061,96.7"Crawford, OH",OH,39033,96.7"Emery, UT",UT,49015,96.7"Deer Lodge, MT",MT,30023,96.6"Cumberland, NC",NC,37051,96.6"Greenville, SC",SC,45045,96.6"Orange, VA",VA,51137,96.6"Pulaski, GA",GA,13235,96.5"Canadian, OK",OK,40017,96.5"Greene, IA",IA,19073,96.4"Jefferson, IA",IA,19101,96.4"Ringgold, IA",IA,19159,96.4"Dimmit, TX",TX,48127,96.4"Vermillion, IN",IN,18165,96.3"Worth, GA",GA,13321,96.2"Porter, IN",IN,18127,96.2"Pottawattamie, IA",IA,19155,96.2"East Baton Rouge, LA",LA,22033,96.1"Noxubee, MS",MS,28103,96.1"Brown, OH",OH,39015,96.1"Christian, IL",IL,17021,96"Calvert, MD",MD,24009,96"Sumner, TN",TN,47165,96"Hanover, VA",VA,51085,96"Bulloch, GA",GA,13031,95.9"Chickasaw, MS",MS,28017,95.9"Eddy, ND",ND,38027,95.9"Juab, UT",UT,49023,95.9"Flathead, MT",MT,30029,95.8"Madison, NE",NE,31119,95.8"Crawford, PA",PA,42039,95.8"Perry, IL",IL,17145,95.7"Erie, OH",OH,39043,95.7"Montgomery, MS",MS,28097,95.5"Yellowstone, MT",MT,30111,95.5"Lincoln, NM",NM,35027,95.5"Grand, UT",UT,49019,95.4"Ohio, WV",WV,54069,95.4"Cape May, NJ",NJ,34009,95.3"Washakie, WY",WY,56043,95.3"Mecosta, MI",MI,26107,95.2"Smith, TX",TX,48423,95.2"Harvey, KS",KS,20079,95.1"Vernon, MO",MO,29217,95.1"Deschutes, OR",OR,41017,95"Webster, IA",IA,19187,94.8"Tyrrell, NC",NC,37177,94.8"Wallowa, OR",OR,41063,94.8"Clay, MO",MO,29047,94.7"Lane, KS",KS,20101,94.6"Grant, NM",NM,35017,94.6"Klamath, OR",OR,41035,94.6"Grant, WV",WV,54023,94.5"Fulton, IN",IN,18049,94.4"Eddy, NM",NM,35015,94.4"Hawkins, TN",TN,47073,94.4"Tazewell, IL",IL,17179,94.3"Marshall, IN",IN,18099,94.3"Turner, GA",GA,13287,94.2"Kay, OK",OK,40071,94.2"Crenshaw, AL",AL,1041,94"Ballard, KY",KY,21007,93.9"Ohio, KY",KY,21183,93.9"Limestone, TX",TX,48293,93.9"Macon, NC",NC,37113,93.8"Barbour, WV",WV,54001,93.8"Fulton, AR",AR,5049,93.7"Anderson, KY",KY,21005,93.7"Lycoming, PA",PA,42081,93.7"Orangeburg, SC",SC,45075,93.7"Poquoson, VA",VA,51735,93.7"Franklin, FL",FL,12037,93.6"Lincoln, NV",NV,32017,93.6"Lassen, CA",CA,6035,93.4"Dearborn, IN",IN,18029,93.4"Tillman, OK",OK,40141,93.4"Lincoln, WA",WA,53043,93.4"Barbour, AL",AL,1005,93.3"Harrison, IN",IN,18061,93.3"Catahoula, LA",LA,22025,93.3"Elk, PA",PA,42047,93.3"Hunt, TX",TX,48231,93.3"Benton, AR",AR,5007,93.2"Boone, KY",KY,21015,93.2"Iberville, LA",LA,22047,93.2"Oneida, WI",WI,55085,93.2"Lawrence, IL",IL,17101,93.1"Lenawee, MI",MI,26091,93.1"Osceola, MI",MI,26133,93.1"Wayne, MI",MI,26163,93.1"Perry, MS",MS,28111,93.1"Jefferson, TX",TX,48245,93.1"Fremont, WY",WY,56013,93.1"Brevard, FL",FL,12009,93"Cooke, TX",TX,48097,93"Bradford, FL",FL,12007,92.9"Richmond, GA",GA,13245,92.9"Dawson, MT",MT,30021,92.8"Sampson, NC",NC,37163,92.8"Lawrence, OH",OH,39087,92.8"Washington, IN",IN,18175,92.7"McDowell, NC",NC,37111,92.7"Aiken, SC",SC,45003,92.7"Marquette, MI",MI,26103,92.6"Bolivar, MS",MS,28011,92.6"Luna, NM",NM,35029,92.6"St. Francis, AR",AR,5123,92.4"White, GA",GA,13311,92.4"Nelson, KY",KY,21179,92.4"Columbiana, OH",OH,39029,92.4"Warren, VA",VA,51187,92.4"Allen, KY",KY,21003,92.3"Calaveras, CA",CA,6009,92.2"Cowley, KS",KS,20035,92.2"Otoe, NE",NE,31131,92.2"Davidson, TN",TN,47037,92.2"Luzerne, PA",PA,42079,92.1"Yuba, CA",CA,6115,92"Franklin, LA",LA,22041,91.9"Saline, MO",MO,29195,91.9"Rio Grande, CO",CO,8105,91.7"Fayette, WV",WV,54019,91.7"Decatur, KS",KS,20039,91.6"Washington, UT",UT,49053,91.6"Johnson, IN",IN,18081,91.5"Vernon, LA",LA,22115,91.5"Strafford, NH",NH,33017,91.5"Lowndes, GA",GA,13185,91.4"Athens, OH",OH,39009,91.4"Clarke, IA",IA,19039,91.3"Lancaster, SC",SC,45057,91.3"Cheatham, TN",TN,47021,91.2"Roanoke, VA",VA,51161,91.1"Pipestone, MN",MN,27117,91"Box Butte, NE",NE,31013,91"McKean, PA",PA,42083,91"Logan, CO",CO,8075,90.9"Campbell, KY",KY,21037,90.9"Johnson, TX",TX,48251,90.9"Stanislaus, CA",CA,6099,90.8"Laurens, SC",SC,45059,90.8"Scurry, TX",TX,48415,90.8"Walla Walla, WA",WA,53071,90.8"Monona, IA",IA,19133,90.7"Leake, MS",MS,28079,90.7"Kanabec, MN",MN,27065,90.5"Titus, TX",TX,48449,90.5"Delta, CO",CO,8029,90.4"Venango, PA",PA,42121,90.4"Jefferson, WA",WA,53031,90.4"Pike, IN",IN,18125,90.3"Larue, KY",KY,21123,90.3"Washoe, NV",NV,32031,90.3"Taos, NM",NM,35055,90.3"Rowan, NC",NC,37159,90.3"Plumas, CA",CA,6063,90.2"Baraga, MI",MI,26013,90.2"Rio Arriba, NM",NM,35039,90.2"Logan, OH",OH,39091,90.2"Wilkinson, GA",GA,13319,90"Suffolk, VA",VA,51800,90"Lincoln, LA",LA,22061,89.9"Chesterfield, SC",SC,45025,89.9"Marion, FL",FL,12083,89.8"Santa Fe, NM",NM,35049,89.8"Knott, KY",KY,21119,89.7"Claiborne, LA",LA,22027,89.7"Henderson, NC",NC,37089,89.7"Blackford, IN",IN,18009,89.6"Hancock, MS",MS,28045,89.6"White, IN",IN,18181,89.5"Jackson, MI",MI,26075,89.5"Skagit, WA",WA,53057,89.5"Madison, KY",KY,21151,89.4"Avery, NC",NC,37011,89.4"Pitt, NC",NC,37147,89.4"Newberry, SC",SC,45071,89.4"Beaverhead, MT",MT,30001,89.2"Humboldt, NV",NV,32013,89.1"Polk, IA",IA,19153,89"Waupaca, WI",WI,55135,89"Montrose, CO",CO,8085,88.9"Suwannee, FL",FL,12121,88.9"Rush, IN",IN,18139,88.9"Delaware, OK",OK,40041,88.9"Bryan, GA",GA,13029,88.8"Ellis, OK",OK,40045,88.8"Calhoun, AR",AR,5013,88.7"Muscogee, GA",GA,13215,88.7"Piscataquis, ME",ME,23021,88.7"Douglas, MO",MO,29067,88.7"Defiance, OH",OH,39039,88.7"Montgomery, TN",TN,47125,88.7"Pendleton, WV",WV,54071,88.7"Prairie, AR",AR,5117,88.6"Duval, FL",FL,12031,88.6"Macon, MO",MO,29121,88.6"Clay, FL",FL,12019,88.5"Mitchell, KS",KS,20123,88.5"Jefferson, KY",KY,21111,88.5"Buncombe, NC",NC,37021,88.5"Atascosa, TX",TX,48013,88.5"Prowers, CO",CO,8099,88.4"La Salle, IL",IL,17099,88.4"Big Stone, MN",MN,27011,88.4"Anderson, TX",TX,48001,88.4"Adams, OH",OH,39001,88.3"Daviess, IN",IN,18027,88.2"Steuben, IN",IN,18151,88.2"Brooks, GA",GA,13027,88.1"Fayette, GA",GA,13113,88.1"Fall River, SD",SD,46047,88.1"Burke, GA",GA,13033,88"Clermont, OH",OH,39025,88"Williamsburg, SC",SC,45089,88"Washington, TX",TX,48477,88"Buchanan, VA",VA,51027,88"McPherson, KS",KS,20113,87.9"Camden, NJ",NJ,34007,87.9"Chatham, GA",GA,13051,87.8"Bledsoe, TN",TN,47007,87.8"Halifax, VA",VA,51083,87.8"Barrow, GA",GA,13013,87.7"McLean, KY",KY,21149,87.6"Alamance, NC",NC,37001,87.6"Okaloosa, FL",FL,12091,87.5"Pennington, MN",MN,27113,87.5"Erie, PA",PA,42049,87.5"Midland, MI",MI,26111,87.4"Hood River, OR",OR,41027,87.4"Franklin, VA",VA,51067,87.4"Coos, NH",NH,33007,87.2"Sherman, KS",KS,20181,87.1"Montgomery, AL",AL,1101,87"Spokane, WA",WA,53063,87"Lewis, WV",WV,54041,87"Hamilton, KS",KS,20075,86.9"Anson, NC",NC,37007,86.9"Weber, UT",UT,49057,86.9"Henry, VA",VA,51089,86.9"Hampton, VA",VA,51650,86.9"Chelan, WA",WA,53007,86.9"Stephenson, IL",IL,17177,86.8"Warren, NY",NY,36113,86.8"Garfield, UT",UT,49017,86.8"Sanpete, UT",UT,49039,86.8"Effingham, GA",GA,13103,86.7"Decatur, IN",IN,18031,86.6"Lawrence, SD",SD,46081,86.6"Logan, IL",IL,17107,86.5"Logan, KY",KY,21141,86.5"Lapeer, MI",MI,26087,86.5"Nodaway, MO",MO,29147,86.5"Harnett, NC",NC,37085,86.5"Franklin, ID",ID,16041,86.4"Green, KY",KY,21087,86.4"Sweetwater, WY",WY,56037,86.4"Colquitt, GA",GA,13071,86.3"Garfield, CO",CO,8045,86.2"Mesa, CO",CO,8077,86.2"Hardin, KY",KY,21093,86.2"Rockcastle, KY",KY,21203,86.2"De Witt, IL",IL,17039,86.1"Clinton, IA",IA,19045,86.1"Mackinac, MI",MI,26097,86.1"Martin, MN",MN,27091,86.1"Merrimack, NH",NH,33013,86.1"Valencia, NM",NM,35061,86.1"Summit, OH",OH,39153,86.1"Columbia, PA",PA,42037,86.1"Hardy, WV",WV,54031,86.1"Searcy, AR",AR,5129,86"Nevada, CA",CA,6057,86"Holmes, FL",FL,12059,86"Dickinson, IA",IA,19059,85.9"Granville, NC",NC,37077,85.9"Jefferson, WV",WV,54037,85.9"Huntington, IN",IN,18069,85.8"St. Joseph, IN",IN,18141,85.8"Perry, OH",OH,39127,85.7"Cleveland, OK",OK,40027,85.7"Haywood, TN",TN,47075,85.7"Alleghany, VA",VA,51005,85.7"Scott, KY",KY,21209,85.5"Wicomico, MD",MD,24045,85.5"Harlan, NE",NE,31083,85.5"Watauga, NC",NC,37189,85.5"Chicot, AR",AR,5017,85.4"Marion, AR",AR,5089,85.4"Warrick, IN",IN,18173,85.4"Madison, IA",IA,19121,85.4"Montgomery, IA",IA,19137,85.4"Stokes, NC",NC,37169,85.4"Wyoming, PA",PA,42131,85.2"Kerr, TX",TX,48265,85.2"Hale, AL",AL,1065,85.1"Peoria, IL",IL,17143,85.1"Branch, MI",MI,26023,85.1"Carroll, NH",NH,33003,85.1"Socorro, NM",NM,35053,85.1"Butler, OH",OH,39017,85.1"Pasco, FL",FL,12101,85"Cherry, NE",NE,31031,85"Coshocton, OH",OH,39031,85"Sequoyah, OK",OK,40135,85"Clarendon, SC",SC,45027,84.9"Charleston, SC",SC,45019,84.8"Rutland, VT",VT,50021,84.8"Stevens, WA",WA,53065,84.8"Wakulla, FL",FL,12129,84.7"Columbia, GA",GA,13073,84.7"Knox, KY",KY,21121,84.7"Claiborne, MS",MS,28021,84.7"Milwaukee, WI",WI,55079,84.7"Racine, WI",WI,55101,84.7"Ford, KS",KS,20057,84.6"Chaves, NM",NM,35005,84.6"Montgomery, NY",NY,36057,84.6"Rock Island, IL",IL,17161,84.5"Putnam, IN",IN,18133,84.5"Randolph, IN",IN,18135,84.5"Aroostook, ME",ME,23003,84.5"Rock, WI",WI,55105,84.5"Kent, DE",DE,10001,84.4"Iron, MI",MI,26071,84.4"Crawford, MO",MO,29055,84.4"Clearfield, PA",PA,42033,84.4"Arkansas, AR",AR,5001,84.3"Walton, FL",FL,12131,84.3"Fulton, OH",OH,39051,84.3"Mifflin, PA",PA,42087,84.3"Bastrop, TX",TX,48021,84.1"Henderson, TX",TX,48213,84.1"Mille Lacs, MN",MN,27095,84"Guilford, NC",NC,37081,84"Androscoggin, ME",ME,23001,83.9"Forsyth, NC",NC,37067,83.9"Somerset, ME",ME,23025,83.8"Franklin, MS",MS,28037,83.8"Jackson, MO",MO,29095,83.8"Stutsman, ND",ND,38093,83.8"Schuylkill, PA",PA,42107,83.8"Lake, TN",TN,47095,83.8"McDonough, IL",IL,17109,83.7"Lubbock, TX",TX,48303,83.7"Franklin, VT",VT,50011,83.7"Pinellas, FL",FL,12103,83.6"Alger, MI",MI,26003,83.6"Cochise, AZ",AZ,4003,83.5"Morgan, GA",GA,13211,83.5"Greene, OH",OH,39057,83.5"Yamhill, OR",OR,41071,83.5"Jim Wells, TX",TX,48249,83.4"Nueces, TX",TX,48355,83.4"Dade, GA",GA,13083,83.3"Shelby, IN",IN,18145,83.3"Pointe Coupee, LA",LA,22077,83.3"Jefferson, MO",MO,29099,83.1"Comanche, OK",OK,40031,83.1"Clackamas, OR",OR,41005,83.1"Montague, TX",TX,48337,83.1"Greene, VA",VA,51079,83.1"Custer, NE",NE,31041,83"Amherst, VA",VA,51009,83"Isabella, MI",MI,26073,82.9"Hall, NE",NE,31079,82.9"Grundy, IL",IL,17063,82.8"Gratiot, MI",MI,26057,82.8"Gloucester, NJ",NJ,34015,82.8"Monroe, PA",PA,42089,82.8"Hutchinson, SD",SD,46067,82.8"Lenoir, NC",NC,37107,82.7"Hockley, TX",TX,48219,82.7"La Paz, AZ",AZ,4012,82.6"Peach, GA",GA,13225,82.6"Tuscola, MI",MI,26157,82.6"Lake, FL",FL,12069,82.4"Carter, KY",KY,21043,82.4"Panola, TX",TX,48365,82.4"Christian, MO",MO,29043,82.3"Martin, NC",NC,37117,82.3"Lake, IN",IN,18089,82.2"Calhoun, MS",MS,28013,82.2"Belknap, NH",NH,33001,82.2"Caddo, OK",OK,40015,82.2"Allen, IN",IN,18003,82.1"Sumter, SC",SC,45085,82.1"Marinette, WI",WI,55075,82.1"Henry, GA",GA,13151,81.9"Charles, MD",MD,24017,81.9"Fergus, MT",MT,30027,81.9"Box Elder, UT",UT,49003,81.9"Natrona, WY",WY,56025,81.9"Lincoln, AR",AR,5079,81.8"Montour, PA",PA,42093,81.8"Bennington, VT",VT,50003,81.8"Penobscot, ME",ME,23019,81.7"Van Zandt, TX",TX,48467,81.7"Bristol, MA",MA,25005,81.5"Kankakee, IL",IL,17091,81.4"Worcester, MD",MD,24047,81.4"Itasca, MN",MN,27061,81.4"Stone, MO",MO,29209,81.4"Powell, MT",MT,30077,81.4"Clark, NV",NV,32003,81.4"Fairfax City, VA",VA,51600,81.4"Juneau, AK",AK,2110,81.3"Baca, CO",CO,8009,81.2"Coweta, GA",GA,13077,81.2"Wayne, IL",IL,17191,81.2"Marshall, IA",IA,19127,81.2"Niagara, NY",NY,36063,81.2"Volusia, FL",FL,12127,81.1"Newton, GA",GA,13217,81.1"Greenup, KY",KY,21089,81"Armstrong, PA",PA,42005,81"Bland, VA",VA,51021,81"Grant, AR",AR,5053,80.9"Chautauqua, NY",NY,36013,80.9"Jefferson, PA",PA,42065,80.9"Taylor, WV",WV,54091,80.9"Noble, IN",IN,18113,80.8"Pondera, MT",MT,30073,80.8"Tuscarawas, OH",OH,39157,80.8"Tioga, PA",PA,42117,80.8"Lincoln, WY",WY,56023,80.8"Clay, IL",IL,17025,80.7"Carbon, WY",WY,56007,80.7"San Patricio, TX",TX,48409,80.6"Lake, OH",OH,39085,80.5"Warren, PA",PA,42123,80.5"Madison, FL",FL,12079,80.4"Oxford, ME",ME,23017,80.4"Onslow, NC",NC,37133,80.4"Petersburg, AK",AK,2195,80.3"Sarasota, FL",FL,12115,80.3"Rockdale, GA",GA,13247,80.3"Atlantic, NJ",NJ,34001,80.3"Duplin, NC",NC,37061,80.3"Fairfield, OH",OH,39045,80.3"Beaver, PA",PA,42007,80.3"Wayne, NC",NC,37191,80.2"Franklin, OH",OH,39049,80.2"Hill, TX",TX,48217,80.2"Charlevoix, MI",MI,26029,80.1"Tom Green, TX",TX,48451,80.1"Kosciusko, IN",IN,18085,80"Pawnee, NE",NE,31133,80"Lorain, OH",OH,39093,79.9"Kaufman, TX",TX,48257,79.9"Monroe, FL",FL,12087,79.8"Wells, IN",IN,18179,79.8"Pamlico, NC",NC,37137,79.8"Carbon, PA",PA,42025,79.8"Washington, PA",PA,42125,79.8"Madison, AR",AR,5087,79.7"Harford, MD",MD,24025,79.7"Cattaraugus, NY",NY,36009,79.7"Seneca, OH",OH,39147,79.6"Pennington, SD",SD,46103,79.6"Highlands, FL",FL,12055,79.5"Clinton, IN",IN,18023,79.5"Grafton, NH",NH,33009,79.5"Richland, OH",OH,39139,79.5"York, SC",SC,45091,79.5"Pima, AZ",AZ,4019,79.4"Lumpkin, GA",GA,13187,79.4"Owen, IN",IN,18119,79.3"Fleming, KY",KY,21069,79.3"Huron, MI",MI,26063,79.3"Hillsdale, MI",MI,26059,79.2"Westmoreland, PA",PA,42129,79.2"Black Hawk, IA",IA,19013,79.1"Lewis and Clark, MT",MT,30049,79.1"Kershaw, SC",SC,45055,79.1"Bienville, LA",LA,22013,79"Allegheny, PA",PA,42003,79"Matanuska-Susitna, AK",AK,2170,78.9"St. Clair, IL",IL,17163,78.9"Kent, MI",MI,26081,78.9"Adams, NE",NE,31001,78.9"Latimer, OK",OK,40077,78.9"Codington, SD",SD,46029,78.9"Galveston, TX",TX,48167,78.9"Finney, KS",KS,20055,78.8"St. Charles, LA",LA,22089,78.8"Cecil, MD",MD,24015,78.8"Franklin, PA",PA,42055,78.8"Greene, AL",AL,1063,78.7"Okanogan, WA",WA,53047,78.7"Ellsworth, KS",KS,20053,78.6"Hamilton, OH",OH,39061,78.6"Canyon, ID",ID,16027,78.5"Cloud, KS",KS,20029,78.5"St. Charles, MO",MO,29183,78.5"Kent, RI",RI,44003,78.5"Hendricks, IN",IN,18063,78.4"Kalamazoo, MI",MI,26077,78.4"Navarro, TX",TX,48349,78.4"Snohomish, WA",WA,53061,78.4"Lincoln, WI",WI,55069,78.4"New Castle, DE",DE,10003,78.3"DeKalb, IN",IN,18033,78.3"Pickaway, OH",OH,39129,78.3"Hancock, IN",IN,18059,78.2"Tippecanoe, IN",IN,18157,78.2"Platte, NE",NE,31141,78.2"Greene, PA",PA,42059,78.2"Hutchinson, TX",TX,48233,78.2"Windham, CT",CT,9015,78.1"Elkhart, IN",IN,18039,78.1"Kenton, KY",KY,21117,78.1"St. Martin, LA",LA,22099,78.1"Salem, NJ",NJ,34033,78.1"Davidson, NC",NC,37057,78.1"Potter, TX",TX,48375,78.1"Patrick, VA",VA,51141,78.1"Scott, IA",IA,19163,78"Baltimore, MD",MD,24005,78"Atkinson, GA",GA,13003,77.9"Jerome, ID",ID,16053,77.9"Columbia, OR",OR,41009,77.9"Gillespie, TX",TX,48171,77.9"Laramie, WY",WY,56021,77.9"Charlotte, FL",FL,12015,77.8"Union, SD",SD,46127,77.8"Huerfano, CO",CO,8055,77.7"Yuma, CO",CO,8125,77.7"Marion, IN",IN,18097,77.7"Howard, NE",NE,31093,77.7"Archuleta, CO",CO,8007,77.6"Flagler, FL",FL,12035,77.6"Beauregard, LA",LA,22011,77.6"Minnehaha, SD",SD,46099,77.6"Fulton, IL",IL,17057,77.5"Ector, TX",TX,48135,77.5"Buffalo, NE",NE,31019,77.4"Delaware, PA",PA,42045,77.4"San Luis Obispo, CA",CA,6079,77.3"Manatee, FL",FL,12081,77.3"Cimarron, OK",OK,40025,77.3"Grant, KS",KS,20067,77.2"Hampden, MA",MA,25013,77.2"Hinds, MS",MS,28049,77.1"Lincoln, MO",MO,29113,77.1"Comal, TX",TX,48091,77.1"Meriwether, GA",GA,13199,77"Oakland, MI",MI,26125,77"Shelby, OH",OH,39149,77"Indiana, PA",PA,42063,77"McLennan, TX",TX,48309,77"Power, ID",ID,16077,76.9"Walker, TX",TX,48471,76.9"Carroll, MD",MD,24013,76.8"Izard, AR",AR,5065,76.7"Benzie, MI",MI,26019,76.7"Ingham, MI",MI,26065,76.7"Whatcom, WA",WA,53073,76.7"Shelby, TN",TN,47157,76.5"Fauquier, VA",VA,51061,76.5"Teton, WY",WY,56039,76.5"Fremont, CO",CO,8043,76.4"Grant, WA",WA,53025,76.4"Jefferson, CO",CO,8059,76.3"Erath, TX",TX,48143,76.3"Monroe, IL",IL,17133,76.2"Gage, NE",NE,31067,76.1"Randolph, NC",NC,37151,76.1"Burleigh, ND",ND,38015,76.1"Randall, TX",TX,48381,76.1"Wayne, WV",WV,54099,76.1"Cass, IN",IN,18017,76"Monroe, IN",IN,18105,76"Clinton, PA",PA,42035,76"Fayette, TN",TN,47047,76"Ada, ID",ID,16001,75.9"Ravalli, MT",MT,30081,75.9"Madison, OH",OH,39097,75.9"Reeves, TX",TX,48389,75.9"Philadelphia, PA",PA,42101,75.8"Parker, TX",TX,48367,75.8"Gilmer, WV",WV,54021,75.6"Clearwater, MN",MN,27029,75.5"Missoula, MT",MT,30063,75.5"Barron, WI",WI,55005,75.5"Pettis, MO",MO,29159,75.4"Warren, NJ",NJ,34041,75.4"Ottawa, OH",OH,39123,75.4"Dallam, TX",TX,48111,75.4"Spotsylvania, VA",VA,51177,75.4"Wood, WI",WI,55141,75.4"Cumberland, PA",PA,42041,75.3"Hardeman, TX",TX,48197,75.3"Henrico, VA",VA,51087,75.3"Calhoun, FL",FL,12013,75.2"Woodbury, IA",IA,19193,75.1"St. Louis, MN",MN,27137,75.1"Ellis, TX",TX,48139,75.1"Campbell, WY",WY,56005,75.1"Ashtabula, OH",OH,39007,75"Salt Lake, UT",UT,49035,75"Wasatch, UT",UT,49051,75"New London, CT",CT,9011,74.9"Macon, GA",GA,13193,74.9"Choctaw, MS",MS,28019,74.9"Windham, VT",VT,50025,74.9"Grady, GA",GA,13131,74.7"Morrison, MN",MN,27097,74.7"Bernalillo, NM",NM,35001,74.7"Champaign, OH",OH,39021,74.7"Shenandoah, VA",VA,51171,74.7"Berkshire, MA",MA,25003,74.6"San Miguel, NM",NM,35047,74.6"Sandusky, OH",OH,39143,74.5"Butler, PA",PA,42019,74.5"Morgan, CO",CO,8087,74.4"Dickey, ND",ND,38021,74.4"Rains, TX",TX,48379,74.4"Concordia, LA",LA,22029,74.3"Camden, GA",GA,13039,74.2"Fremont, IA",IA,19071,74.2"Cheshire, NH",NH,33005,74.2"Clinton, NY",NY,36019,74.2"Martin, FL",FL,12085,74.1"Lincoln, KY",KY,21137,74.1"Anne Arundel, MD",MD,24003,74.1"Washington, ME",ME,23029,74"Colfax, NM",NM,35007,74"Miami, OH",OH,39109,74"Seminole, OK",OK,40133,74"Preston, WV",WV,54077,74"York, ME",ME,23031,73.9"Oktibbeha, MS",MS,28105,73.9"Sauk, WI",WI,55111,73.8"Maricopa, AZ",AZ,4013,73.7"Shelby, KY",KY,21211,73.7"Marion, OR",OR,41047,73.7"Livingston, IL",IL,17105,73.6"Mahaska, IA",IA,19123,73.6"Wyandotte, KS",KS,20209,73.6"Johnston, NC",NC,37101,73.6"Waukesha, WI",WI,55133,73.6"Henry, IA",IA,19087,73.5"Fulton, NY",NY,36035,73.5"Sheboygan, WI",WI,55117,73.5"Linn, IA",IA,19113,73.4"Lyon, KS",KS,20111,73.4"Burlington, NJ",NJ,34005,73.4"Chesterfield, VA",VA,51041,73.4"Chippewa, MN",MN,27023,73.3"Dakota, NE",NE,31043,73.3"Holt, NE",NE,31089,73.3"Bee, TX",TX,48025,73.3"Comanche, TX",TX,48093,73.3"Erie, NY",NY,36029,73.2"Union, NC",NC,37179,73.2"Union, OH",OH,39159,73.2"Cheyenne, CO",CO,8017,73"Sumter, FL",FL,12119,73"Boone, IN",IN,18011,73"Douglas, WI",WI,55031,73"Bonner, ID",ID,16017,72.9"Crawford, WI",WI,55023,72.9"Putnam, GA",GA,13237,72.8"Ransom, ND",ND,38073,72.8"Tooele, UT",UT,49045,72.8"Harrison, IA",IA,19085,72.7"Lafayette, MS",MS,28071,72.7"Warren, IL",IL,17187,72.6"Hancock, ME",ME,23009,72.6"Polk, NC",NC,37149,72.6"Somerset, PA",PA,42111,72.6"El Paso, CO",CO,8041,72.5"Northampton, PA",PA,42095,72.5"Bingham, ID",ID,16011,72.4"Yakima, WA",WA,53077,72.4"Iron, WI",WI,55051,72.4"Carroll, AR",AR,5015,72.2"Licking, OH",OH,39089,72.2"Love, OK",OK,40085,72.2"Lamar, GA",GA,13171,72.1"Hawaii, HI",HI,15001,72.1"Carlton, MN",MN,27017,72.1"Audrain, MO",MO,29007,72.1"St. Louis, MO",MO,29189,72.1"Meigs, OH",OH,39105,72.1"Beadle, SD",SD,46005,72.1"Uvalde, TX",TX,48463,72.1"Polk, WI",WI,55095,72.1"Miami, IN",IN,18103,72"Douglas, KS",KS,20045,72"Union, LA",LA,22111,72"Frederick, MD",MD,24021,71.9"Platte, MO",MO,29165,71.9"Rockingham, NH",NH,33015,71.9"Bradford, PA",PA,42015,71.9"Buena Vista, VA",VA,51530,71.9"Morgan, WV",WV,54065,71.9"Metcalfe, KY",KY,21169,71.8"Hardin, OH",OH,39065,71.8"Van Wert, OH",OH,39161,71.8"Upshur, WV",WV,54097,71.8"Randolph, IL",IL,17157,71.7"Hamilton, IA",IA,19079,71.7"Lake of the Woods, MN",MN,27077,71.7"McIntosh, GA",GA,13191,71.6"Pierce, GA",GA,13229,71.6"Queen Annes, MD",MD,24035,71.6"Stark, ND",ND,38089,71.6"St. Marys, MD",MD,24037,71.5"McLeod, MN",MN,27085,71.5"Hickman, TN",TN,47081,71.5"Kleberg, TX",TX,48273,71.5"Culpeper, VA",VA,51047,71.5"Acadia, LA",LA,22001,71.4"Mercer, ND",ND,38057,71.4"Kendall, TX",TX,48259,71.4"Ward, TX",TX,48475,71.4"Elmore, ID",ID,16039,71.3"Emmet, IA",IA,19063,71.3"Cherokee, KS",KS,20021,71.3"Uintah, UT",UT,49047,71.3"Kenosha, WI",WI,55059,71.3"Steuben, NY",NY,36101,71.2"McIntosh, OK",OK,40091,71.2"Llano, TX",TX,48299,71.2"Washington, WI",WI,55131,71.2"Oceana, MI",MI,26127,71.1"Teton, MT",MT,30099,71.1"Sagadahoc, ME",ME,23023,71"Dorchester, MD",MD,24019,71"Polk, MN",MN,27119,71"Sullivan, NY",NY,36105,71"Montgomery, NC",NC,37123,70.9"Ward, ND",ND,38101,70.9"Harrison, OH",OH,39067,70.9"Adair, OK",OK,40001,70.9"Dauphin, PA",PA,42043,70.9"Dawes, NE",NE,31045,70.8"Bucks, PA",PA,42017,70.8"Richland, SC",SC,45079,70.8"Matagorda, TX",TX,48321,70.8"Norfolk, VA",VA,51710,70.8"Door, WI",WI,55029,70.8"Effingham, IL",IL,17049,70.7"Hickman, KY",KY,21105,70.7"Blue Earth, MN",MN,27013,70.7"Broome, NY",NY,36007,70.7"New Haven, CT",CT,9009,70.6"Pope, MN",MN,27121,70.6"Ocean, NJ",NJ,34029,70.6"Warren, OH",OH,39165,70.6"Middlesex, CT",CT,9007,70.5"Natchitoches, LA",LA,22069,70.5"Wilkin, MN",MN,27167,70.5"Lea, NM",NM,35025,70.5"Champaign, IL",IL,17019,70.4"Walthall, MS",MS,28147,70.4"Edmunds, SD",SD,46045,70.4"Camp, TX",TX,48063,70.4"Navajo, AZ",AZ,4017,70.3"Madison, MS",MS,28089,70.3"Ferry, WA",WA,53019,70.3"Limestone, AL",AL,1083,70.2"Wright, IA",IA,19197,70.2"Fayette, KY",KY,21067,70.2"Jasper, IA",IA,19099,70.1"Millard, UT",UT,49027,70.1"Larimer, CO",CO,8069,70"Johnson, KS",KS,20091,70"Carlisle, KY",KY,21039,69.9"Mercer, MO",MO,29129,69.9"Ray, MO",MO,29177,69.9"Delaware, NY",NY,36025,69.9"Mariposa, CA",CA,6043,69.8"Riley, KS",KS,20161,69.8"Harrison, TX",TX,48203,69.8"Brown, WI",WI,55009,69.8"Polk, FL",FL,12105,69.7"Barnstable, MA",MA,25001,69.7"Monongalia, WV",WV,54061,69.7"Geary, KS",KS,20061,69.6"Coryell, TX",TX,48099,69.6"Thurston, WA",WA,53067,69.6"Miller, MO",MO,29131,69.5"Chase, NE",NE,31029,69.5"Clarion, PA",PA,42031,69.5"Hale, TX",TX,48189,69.5"Bibb, AL",AL,1007,69.4"Vermilion, LA",LA,22113,69.4"Rockwall, TX",TX,48397,69.4"Manitowoc, WI",WI,55071,69.4"Yell, AR",AR,5149,69.3"Routt, CO",CO,8107,69.3"Alachua, FL",FL,12001,69.3"Idaho, ID",ID,16049,69.3"Wharton, TX",TX,48481,69.3"Webster, WV",WV,54101,69.3"Whiteside, IL",IL,17195,69.2"Brewster, TX",TX,48043,69.2"Charlottesville, VA",VA,51540,69.2"Bedford, PA",PA,42009,69.1"Snyder, PA",PA,42109,69.1"Newport News, VA",VA,51700,69.1"Butler, NE",NE,31023,69"Morrill, NE",NE,31123,69"Franklin, WA",WA,53021,69"Pierce, WA",WA,53053,69"Hendry, FL",FL,12051,68.9"Nowata, OK",OK,40105,68.9"El Dorado, CA",CA,6017,68.8"Tulare, CA",CA,6107,68.8"Crawford, IA",IA,19047,68.8"St. James, LA",LA,22093,68.8"Tarrant, TX",TX,48439,68.8"Leon, FL",FL,12073,68.7"Elko, NV",NV,32007,68.7"Davis, UT",UT,49011,68.7"Pulaski, IL",IL,17153,68.6"Koochiching, MN",MN,27071,68.6"Merced, CA",CA,6047,68.5"Ulster, NY",NY,36111,68.5"Washington, NY",NY,36115,68.5"Hyde, NC",NC,37095,68.5"Wagoner, OK",OK,40145,68.5"Pike, MO",MO,29163,68.4"Chesapeake, VA",VA,51550,68.4"Hampshire, WV",WV,54027,68.4"Jefferson, WI",WI,55055,68.4"McCurtain, OK",OK,40089,68.3"Beaufort, SC",SC,45013,68.3"Anchorage, AK",AK,2020,68.2"Bullitt, KY",KY,21029,68.2"Franklin, ME",ME,23007,68.2"Crow Wing, MN",MN,27035,68.2"Warren, MO",MO,29219,68.2"San Juan, NM",NM,35045,68.2"Fayette, IA",IA,19065,68.1"Sanders, MT",MT,30089,68.1"Hamilton, NE",NE,31081,68.1"York, PA",PA,42133,68.1"St. Lucie, FL",FL,12111,68"Cherokee, GA",GA,13057,68"Richland, LA",LA,22083,68"Benton, MS",MS,28009,68"New Madrid, MO",MO,29143,68"Greene, NY",NY,36039,68"Franklin, TX",TX,48159,68"Lake, MT",MT,30047,67.9"Dubuque, IA",IA,19061,67.8"Orleans, LA",LA,22071,67.8"Montmorency, MI",MI,26119,67.8"Isle of Wight, VA",VA,51093,67.8"Kings, CA",CA,6031,67.7"Marion, IA",IA,19125,67.6"Brown, MN",MN,27015,67.6"Kimble, TX",TX,48267,67.6"Monroe, WI",WI,55081,67.6"Johnson, WY",WY,56019,67.6"Davis, IA",IA,19051,67.5"Curry, NM",NM,35009,67.5"Clay, WV",WV,54015,67.5"Harper, KS",KS,20077,67.4"Christian, KY",KY,21047,67.4"Wayne, PA",PA,42127,67.4"Jasper, TX",TX,48241,67.4"Walworth, WI",WI,55127,67.4"Knox, ME",ME,23013,67.3"Ionia, MI",MI,26067,67.3"Green Lake, WI",WI,55047,67.3"Nuckolls, NE",NE,31129,67.1"Hancock, OH",OH,39063,67.1"Fairfield, SC",SC,45039,67.1"Hillsborough, FL",FL,12057,67"Cuyahoga, OH",OH,39035,67"Litchfield, CT",CT,9005,66.9"Potter, PA",PA,42105,66.9"Brazos, TX",TX,48041,66.9"Glenn, CA",CA,6021,66.8"Humboldt, IA",IA,19091,66.8"Bollinger, MO",MO,29017,66.8"Barnes, ND",ND,38003,66.8"Medina, OH",OH,39103,66.8"Douglas, NE",NE,31055,66.7"Fayette, TX",TX,48149,66.7"Midland, TX",TX,48329,66.7"Kitsap, WA",WA,53035,66.7"Placer, CA",CA,6061,66.5"Washington, RI",RI,44009,66.5"Montgomery, TX",TX,48339,66.5"Jackson, TN",TN,47087,66.4"Karnes, TX",TX,48255,66.4"Fayette, IL",IL,17051,66.3"Kandiyohi, MN",MN,27067,66.2"Williams, ND",ND,38105,66.2"Colorado, TX",TX,48089,66.2"Summit, CO",CO,8117,66.1"Monroe, GA",GA,13207,66.1"Eastland, TX",TX,48133,66.1"Muscatine, IA",IA,19139,66"Pembina, ND",ND,38067,66"Montgomery, VA",VA,51121,66"Cass, TX",TX,48067,65.9"Adams, IN",IN,18001,65.8"Chippewa, MI",MI,26033,65.8"Summit, UT",UT,49043,65.8"Union, IN",IN,18161,65.7"Mississippi, MO",MO,29133,65.7"Douglas, WA",WA,53017,65.7"Iroquois, IL",IL,17075,65.6"Perkins, NE",NE,31135,65.6"Bent, CO",CO,8011,65.5"McHenry, IL",IL,17111,65.5"Woodford, KY",KY,21239,65.5"Kearney, NE",NE,31099,65.5"Lee, FL",FL,12071,65.4"Newton, MS",MS,28101,65.4"Mason, IL",IL,17125,65.3"Montgomery, MO",MO,29139,65.3"Bailey, TX",TX,48017,65.3"Sevier, AR",AR,5133,65.2"Sumner, KS",KS,20191,65.2"Merrick, NE",NE,31121,65.2"Portage, OH",OH,39133,65.2"Yazoo, MS",MS,28163,65.1"Virginia Beach, VA",VA,51810,65.1"Clinton, MO",MO,29049,64.9"Hillsborough, NH",NH,33011,64.9"Williamson, TX",TX,48491,64.9"Bertie, NC",NC,37015,64.8"Accomack, VA",VA,51001,64.8"La Crosse, WI",WI,55063,64.8"Brantley, GA",GA,13025,64.7"Treutlen, GA",GA,13283,64.7"Hill, MT",MT,30041,64.7"Wayne, OH",OH,39169,64.7"Perry, PA",PA,42099,64.7"Los Alamos, NM",NM,35028,64.6"Yadkin, NC",NC,37197,64.6"Huntingdon, PA",PA,42061,64.6"Chippewa, WI",WI,55017,64.6"Holmes, MS",MS,28051,64.5"Barry, MI",MI,26015,64.4"St. Johns, FL",FL,12109,64.3"Oconee, GA",GA,13219,64.3"Latah, ID",ID,16057,64.3"Henry, IL",IL,17073,64.3"Mineral, MT",MT,30061,64.3"Nottoway, VA",VA,51135,64.3"Oneida, NY",NY,36065,64.2"Hubbard, MN",MN,27057,64.1"Lancaster, NE",NE,31109,64.1"Falls Church, VA",VA,51610,64.1"Lincoln, WV",WV,54043,64.1"Hampshire, MA",MA,25015,64"Lincoln, MN",MN,27081,64"Berks, PA",PA,42011,64"Prince of Wales-Hyder, AK",AK,2198,63.9"Dukes, MA",MA,25007,63.9"Dale, AL",AL,1045,63.8"Brazoria, TX",TX,48039,63.8"Milam, TX",TX,48331,63.8"Burnett, WI",WI,55013,63.8"Pocahontas, IA",IA,19151,63.7"Perry, MO",MO,29157,63.7"Newport, RI",RI,44005,63.7"Providence, RI",RI,44007,63.7"Clark, WA",WA,53011,63.7"Ozaukee, WI",WI,55089,63.7"Arapahoe, CO",CO,8005,63.6"La Plata, CO",CO,8067,63.6"Otero, NM",NM,35035,63.6"Brown, SD",SD,46013,63.6"Eau Claire, WI",WI,55035,63.6"Wilcox, AL",AL,1131,63.5"Stearns, MN",MN,27145,63.5"Pepin, WI",WI,55091,63.5"Lebanon, PA",PA,42075,63.4"Montgomery, PA",PA,42091,63.4"McCulloch, TX",TX,48307,63.4"Lee, AL",AL,1081,63.2"Pinal, AZ",AZ,4021,63.2"Texas, MO",MO,29215,63.2"Calhoun, IA",IA,19025,63.1"Cumberland, ME",ME,23005,63.1"Columbia, NY",NY,36021,63.1"Caledonia, VT",VT,50005,63.1"Weld, CO",CO,8123,63"Lee, IL",IL,17103,63"Roseau, MN",MN,27135,63"Franklin, NY",NY,36033,63"Wise, TX",TX,48497,63"Caldwell, LA",LA,22021,62.9"Franklin, NC",NC,37069,62.9"Teton, ID",ID,16081,62.8"Sabine, LA",LA,22085,62.8"Hartford, CT",CT,9003,62.7"Clay, MN",MN,27027,62.7"Abbeville, SC",SC,45001,62.7"Grant, SD",SD,46051,62.7"Fannin, TX",TX,48147,62.7"Kittitas, WA",WA,53037,62.6"Pine, MN",MN,27115,62.5"Kern, CA",CA,6029,62.4"Union, PA",PA,42119,62.4"Vilas, WI",WI,55125,62.4"Macon, AL",AL,1087,62.3"Santa Cruz, CA",CA,6087,62.3"Livingston, MI",MI,26093,62.3"Humphreys, MS",MS,28053,62.1"Barton, MO",MO,29011,62.1"Jasper, SC",SC,45053,62.1"Tipton, IN",IN,18159,62"Foard, TX",TX,48155,62"Morgan, UT",UT,49029,62"Bates, MO",MO,29013,61.9"Toole, MT",MT,30101,61.9"Sullivan, NH",NH,33019,61.8"Orange, NY",NY,36071,61.8"St. Lawrence, NY",NY,36089,61.8"Henry, OH",OH,39069,61.8"Berkeley, SC",SC,45015,61.8"Albemarle, VA",VA,51003,61.7"Plymouth, MA",MA,25023,61.6"New Kent, VA",VA,51127,61.6"Outagamie, WI",WI,55087,61.6"Pulaski, IN",IN,18131,61.5"Ottawa, MI",MI,26139,61.5"Cobb, GA",GA,13067,61.4"Henry, KY",KY,21103,61.4"Union, FL",FL,12125,61.3"Irwin, GA",GA,13155,61.3"Meade, KY",KY,21163,61.3"Grand Forks, ND",ND,38035,61.3"Cache, UT",UT,49005,61.2"Utah, UT",UT,49049,61.2"McLean, IL",IL,17113,61.1"Hart, KY",KY,21099,61.1"Preble, OH",OH,39135,61.1"Denton, TX",TX,48121,61.1"Bond, IL",IL,17005,61"Boone, IA",IA,19015,61"Pawnee, KS",KS,20145,61"Sussex, NJ",NJ,34037,61"Schuyler, NY",NY,36097,60.9"Madison, NC",NC,37115,60.9"Dawson, TX",TX,48115,60.9"Jasper, GA",GA,13159,60.8"Nobles, MN",MN,27105,60.8"Washington, NE",NE,31177,60.8"Inyo, CA",CA,6027,60.7"Otter Tail, MN",MN,27111,60.6"Cortland, NY",NY,36023,60.6"Polk, OR",OR,41053,60.6"Lancaster, PA",PA,42071,60.6"Williamson, TN",TN,47187,60.6"Madison, NY",NY,36053,60.5"Hays, TX",TX,48209,60.5"Orleans, VT",VT,50019,60.5"Paulding, GA",GA,13223,60.4"Lafayette, FL",FL,12067,60.2"Hoke, NC",NC,37093,60.2"Mathews, VA",VA,51115,60.2"Converse, WY",WY,56009,60.2"Beltrami, MN",MN,27007,60.1"Richland, MT",MT,30083,60.1"Allegany, NY",NY,36003,60.1"Susquehanna, PA",PA,42115,60.1"Oldham, KY",KY,21185,60"Rensselaer, NY",NY,36083,60"Green, WI",WI,55045,60"Palm Beach, FL",FL,12099,59.9"Bath, KY",KY,21011,59.9"Frederick, VA",VA,51069,59.9"Wilson, TX",TX,48493,59.8"Mecklenburg, NC",NC,37119,59.7"Fresno, CA",CA,6019,59.6"Stewart, GA",GA,13259,59.6"Howard, TX",TX,48227,59.6"Winkler, TX",TX,48495,59.6"Portage, WI",WI,55097,59.6"Phillips, MT",MT,30071,59.4"Richmond City, VA",VA,51760,59.4"Brown, NE",NE,31017,59.3"Monmouth, NJ",NJ,34025,59.3"Pierce, ND",ND,38069,59.3"Floyd, VA",VA,51063,59.3"Winnebago, WI",WI,55139,59.3"San Joaquin, CA",CA,6077,59.2"Baltimore City, MD",MD,24510,59.2"Worcester, MA",MA,25027,59.2"Wayne, NY",NY,36117,59.2"Mercer, NJ",NJ,34021,59.1"Jefferson, OR",OR,41031,59"Edgefield, SC",SC,45037,59"Falls, TX",TX,48145,59"Washington, KS",KS,20201,58.9"Genesee, NY",NY,36037,58.9"Williams, OH",OH,39171,58.9"Morgan, KY",KY,21175,58.8"Geauga, OH",OH,39055,58.8"Dane, WI",WI,55025,58.8"Hardin, IA",IA,19083,58.7"Shelby, TX",TX,48419,58.7"Winnebago, IA",IA,19189,58.6"Wake, NC",NC,37183,58.6"Baylor, TX",TX,48023,58.6"Bell, TX",TX,48027,58.6"Moore, TX",TX,48341,58.6"Big Horn, WY",WY,56003,58.6"Collier, FL",FL,12021,58.5"Allegan, MI",MI,26005,58.5"Emmons, ND",ND,38029,58.5"Ritchie, WV",WV,54085,58.5"Gadsden, FL",FL,12039,58.4"Maui, HI",HI,15009,58.4"Juniata, PA",PA,42067,58.4"Delaware, OH",OH,39041,58.3"Weston, WY",WY,56045,58.3"Cherokee, IA",IA,19035,58.2"Poweshiek, IA",IA,19157,58.2"Yalobusha, MS",MS,28161,58.1"Yuma, AZ",AZ,4027,58"Sonoma, CA",CA,6097,58"Liberty, GA",GA,13179,58"Dutchess, NY",NY,36027,58"Washington, VT",VT,50023,58"Blount, AL",AL,1009,57.9"Isanti, MN",MN,27059,57.9"Johnson, MO",MO,29101,57.9"Oswego, NY",NY,36075,57.9"Garvin, OK",OK,40049,57.9"Collin, TX",TX,48085,57.9"Walsh, ND",ND,38099,57.8"Multnomah, OR",OR,41051,57.8"Bexar, TX",TX,48029,57.8"Kauai, HI",HI,15007,57.7"St. Louis City, MO",MO,29510,57.7"Onondaga, NY",NY,36067,57.7"Darke, OH",OH,39037,57.7"Crane, TX",TX,48103,57.7"Lamoille, VT",VT,50015,57.7"Santa Barbara, CA",CA,6083,57.6"Posey, IN",IN,18129,57.6"Menominee, MI",MI,26109,57.6"Washington, MN",MN,27163,57.5"Knox, OH",OH,39083,57.5"Calhoun, WV",WV,54013,57.5"Redwood, MN",MN,27127,57.4"Pike, PA",PA,42103,57.4"Berrien, GA",GA,13019,57.3"DeKalb, IL",IL,17037,57.3"Anoka, MN",MN,27003,57.3"Stewart, TN",TN,47161,57.3"Franklin, MA",MA,25011,57.2"Seward, NE",NE,31159,57.2"Oregon, MO",MO,29149,57.1"Meagher, MT",MT,30059,57.1"Sandoval, NM",NM,35043,57.1"Lac qui Parle, MN",MN,27073,57"Saline, NE",NE,31151,57"Schenectady, NY",NY,36093,57"Faribault, MN",MN,27043,56.9"Otsego, NY",NY,36077,56.9"Tattnall, GA",GA,13267,56.8"Shelby, IA",IA,19165,56.8"Rice, MN",MN,27131,56.8"Ventura, CA",CA,6111,56.7"Wright, MN",MN,27171,56.7"Pocahontas, WV",WV,54075,56.7"Adams, CO",CO,8001,56.6"Sublette, WY",WY,56035,56.6"OBrien, IA",IA,19141,56.5"Chenango, NY",NY,36017,56.5"Geneva, AL",AL,1061,56.4"Orleans, NY",NY,36073,56.4"Allendale, SC",SC,45005,56.4"Saluda, SC",SC,45081,56.4"Osceola, FL",FL,12097,56.3"Swift, MN",MN,27151,56.3"Coconino, AZ",AZ,4005,56.2"Lawrence, MO",MO,29109,56.2"Gonzales, TX",TX,48177,56.2"Walker, GA",GA,13295,56.1"Morrow, OH",OH,39117,56.1"Jefferson, NY",NY,36045,56"Price, WI",WI,55099,56"Monroe, OH",OH,39111,55.9"Winn, LA",LA,22127,55.8"Grady, OK",OK,40051,55.7"Monterey, CA",CA,6053,55.6"Will, IL",IL,17197,55.5"Sarpy, NE",NE,31153,55.5"Travis, TX",TX,48453,55.5"Fond du Lac, WI",WI,55039,55.5"Broomfield, CO",CO,8014,55.4"Kendall, IL",IL,17093,55.4"Newton, MO",MO,29145,55.4"Caldwell, TX",TX,48055,55.4"Washington, OR",OR,41067,55.3"Austin, TX",TX,48015,55.3"Platte, WY",WY,56031,55.3"Sheridan, WY",WY,56033,55.3"Adair, IA",IA,19001,55.2"Ontario, NY",NY,36069,55.2"Clay, GA",GA,13061,55.1"Franklin, IN",IN,18047,55.1"Owen, KY",KY,21187,55.1"Somerset, MD",MD,24039,55.1"Greene, MS",MS,28041,55.1"Hancock, GA",GA,13141,55"Lee, GA",GA,13177,55"Madison, ID",ID,16065,55"Chester, PA",PA,42029,55"Tyler, WV",WV,54095,55"Douglas, CO",CO,8035,54.9"San Bernardino, CA",CA,6071,54.8"Lafayette, MO",MO,29107,54.8"Ozark, MO",MO,29153,54.8"Waldo, ME",ME,23027,54.7"Edgecombe, NC",NC,37065,54.7"Runnels, TX",TX,48399,54.7"Lake, IL",IL,17097,54.6"Logan, OK",OK,40083,54.6"Gunnison, CO",CO,8051,54.5"DeSoto, FL",FL,12027,54.5"Brown, KS",KS,20013,54.5"Durham, NC",NC,37063,54.4"Quitman, MS",MS,28119,54.3"Gasconade, MO",MO,29073,54.3"Winona, MN",MN,27169,54.2"Wyoming, NY",NY,36121,54.2"Bowman, ND",ND,38011,54.2"Presque Isle, MI",MI,26141,54.1"Cheyenne, NE",NE,31033,54.1"Mono, CA",CA,6051,54"Dakota, MN",MN,27037,54"Jones, GA",GA,13169,53.9"Richardson, NE",NE,31147,53.9"Sacramento, CA",CA,6067,53.8"Tompkins, NY",NY,36109,53.8"Imperial, CA",CA,6025,53.7"Suffolk, NY",NY,36103,53.7"Boone, IL",IL,17007,53.6"Crawford, IN",IN,18025,53.6"Antelope, NE",NE,31003,53.6"Lake, CO",CO,8065,53.5"Seminole, FL",FL,12117,53.5"Saratoga, NY",NY,36091,53.5"King George, VA",VA,51099,53.5"Stafford, VA",VA,51179,53.5"Rush, KS",KS,20165,53.4"Nicholas, KY",KY,21181,53.4"Terry, TX",TX,48445,53.4"Essex, MA",MA,25009,53.2"Rusk, TX",TX,48401,53.2"Louisa, VA",VA,51109,53.2"Lincoln, ME",ME,23015,53"Stevens, MN",MN,27149,53"Marathon, WI",WI,55073,53"Forsyth, GA",GA,13117,52.9"Lyon, MN",MN,27083,52.9"Hamilton, IN",IN,18057,52.8"Audubon, IA",IA,19009,52.8"Crockett, TX",TX,48105,52.8"Madera, CA",CA,6039,52.6"Becker, MN",MN,27005,52.6"Auglaize, OH",OH,39011,52.5"Dallas, TX",TX,48113,52.5"Whitman, WA",WA,53075,52.5"Riverside, CA",CA,6065,52.4"Sanilac, MI",MI,26151,52.4"Tolland, CT",CT,9013,52.3"Monroe, NY",NY,36055,52.3"Gaines, TX",TX,48165,52.3"Amelia, VA",VA,51007,52.3"De Soto, LA",LA,22031,52.1"St. Helena, LA",LA,22091,52.1"Broward, FL",FL,12011,52"Rice, KS",KS,20159,52"Dawson, NE",NE,31047,52"Cavalier, ND",ND,38019,52"Spencer, KY",KY,21215,51.9"Antrim, MI",MI,26009,51.9"Sunflower, MS",MS,28133,51.8"Wood, OH",OH,39173,51.8"Webster, GA",GA,13307,51.7"Benton, OR",OR,41003,51.7"Albany, WY",WY,56001,51.7"Cottonwood, MN",MN,27033,51.6"Steele, MN",MN,27147,51.6"Gallatin, MT",MT,30031,51.6"Wayne, NE",NE,31179,51.6"Pendleton, KY",KY,21191,51.5"Adams, PA",PA,42001,51.5"Brookings, SD",SD,46011,51.5"Grant, WI",WI,55043,51.5"Jefferson, FL",FL,12065,51.4"Clearwater, ID",ID,16035,51.4"Lee, AR",AR,5077,51.3"Boulder, CO",CO,8013,51.3"Marshall, MS",MS,28093,51.3"Powhatan, VA",VA,51145,51.3"Boone, MO",MO,29019,51.2"Lehigh, PA",PA,42077,51.2"Bristol, RI",RI,44001,51.2"Duchesne, UT",UT,49013,51.2"King, WA",WA,53033,51.2"Cleburne, AL",AL,1029,51.1"Goodhue, MN",MN,27049,51.1"Kemper, MS",MS,28069,51.1"Smith, MS",MS,28129,51"Johnson, NE",NE,31097,51"Cherokee, TX",TX,48073,51"Jackson, KS",KS,20085,50.9"East Feliciana, LA",LA,22037,50.8"West Carroll, LA",LA,22123,50.8"Cayuga, NY",NY,36011,50.8"Centre, PA",PA,42027,50.7"Lavaca, TX",TX,48285,50.7"Washtenaw, MI",MI,26161,50.6"Passaic, NJ",NJ,34031,50.6"Schoharie, NY",NY,36095,50.6"York, VA",VA,51199,50.6"Fairbanks North Star, AK",AK,2090,50.5"Carroll, MO",MO,29033,50.5"Wirt, WV",WV,54105,50.5"San Benito, CA",CA,6069,50.4"Breckinridge, KY",KY,21027,50.4"Forest, WI",WI,55041,50.4"Telfair, GA",GA,13271,50.3"Albany, NY",NY,36001,50.3"Wallace, KS",KS,20199,50.1"Union, NM",NM,35059,50"Chittenden, VT",VT,50007,50"Iowa, WI",WI,55049,50"Caroline, MD",MD,24011,49.8"Marshall, IL",IL,17123,49.6"Delaware, IA",IA,19055,49.6"Buena Vista, IA",IA,19021,49.5"Garrard, KY",KY,21079,49.3"Lamb, TX",TX,48279,49.3"Henry, AL",AL,1067,49.2"Dona Ana, NM",NM,35013,49.2"Douglas, SD",SD,46043,49.2"Fulton, GA",GA,13121,49.1"Sherburne, MN",MN,27141,49.1"Ashland, OH",OH,39005,49.1"Choctaw, OK",OK,40023,49.1"McDonald, MO",MO,29119,49"Valley, MT",MT,30105,49"Terrell, GA",GA,13273,48.9"Livingston, NY",NY,36051,48.9"Richmond, NY",NY,36085,48.9"Amite, MS",MS,28005,48.8"Pulaski, MO",MO,29169,48.8"Eagle, CO",CO,8037,48.6"Leavenworth, KS",KS,20103,48.6"Jackson, KY",KY,21109,48.6"Red River, LA",LA,22081,48.6"Herkimer, NY",NY,36043,48.6"Wyandot, OH",OH,39175,48.6"DeWitt, TX",TX,48123,48.6"DuPage, IL",IL,17043,48.5"Windsor, VT",VT,50027,48.5"Washington, KY",KY,21229,48.4"Perry, AR",AR,5105,48.3"Allamakee, IA",IA,19005,48.3"Harris, TX",TX,48201,48.3"Fairfield, CT",CT,9001,48.2"Waseca, MN",MN,27161,48.2"Norfolk, MA",MA,25021,48.1"Mower, MN",MN,27099,48.1"Dixie, FL",FL,12029,48"Banks, GA",GA,13011,48"Pope, IL",IL,17151,48"Sullivan, PA",PA,42113,48"Shawano, WI",WI,55115,48"Switzerland, IN",IN,18155,47.9"Mahnomen, MN",MN,27087,47.9"Andrews, TX",TX,48003,47.9"Clayton, GA",GA,13063,47.8"Powder River, MT",MT,30075,47.8"Decatur, IA",IA,19053,47.7"Washington, MO",MO,29221,47.7"Marshall, OK",OK,40095,47.7"Yolo, CA",CA,6113,47.6"Alexander, IL",IL,17003,47.6"Winneshiek, IA",IA,19191,47.6"Parke, IN",IN,18121,47.5"Kearny, KS",KS,20093,47.5"Grand, CO",CO,8049,47.4"Morton, ND",ND,38059,47.4"Morgan, OH",OH,39115,47.4"Greer, OK",OK,40055,47.4"Washington, IA",IA,19183,47.2"Deaf Smith, TX",TX,48117,47.2"Willacy, TX",TX,48489,47.2"Gwinnett, GA",GA,13135,47.1"Kiowa, OK",OK,40075,47.1"Guadalupe, TX",TX,48187,47.1"Gilchrist, FL",FL,12041,46.8"Bedford, VA",VA,51019,46.8"Solano, CA",CA,6095,46.7"Vernon, WI",WI,55123,46.7"Bremer, IA",IA,19017,46.6"Burt, NE",NE,31021,46.6"Tucker, WV",WV,54093,46.6"Linn, MO",MO,29115,46.5"Napa, CA",CA,6055,46.4"Mercer, OH",OH,39107,46.4"Perkins, SD",SD,46105,46.4"Pender, NC",NC,37141,46.3"Marshall, SD",SD,46091,46.3"Carroll, OH",OH,39019,46.2"Orange, FL",FL,12095,46"Tensas, LA",LA,22107,46"Ramsey, MN",MN,27123,46"DeKalb, GA",GA,13089,45.9"West Feliciana, LA",LA,22125,45.9"Grant, MN",MN,27051,45.9"Gentry, MO",MO,29075,45.9"Pershing, NV",NV,32027,45.9"Contra Costa, CA",CA,6013,45.8"Payette, ID",ID,16075,45.8"Park, MT",MT,30067,45.7"Westmoreland, VA",VA,51193,45.7"Adams, WI",WI,55001,45.7"Houghton, MI",MI,26061,45.6"Wheeler, TX",TX,48483,45.6"Madison, TX",TX,48313,45.5"Essex, NY",NY,36031,45.4"Custer, SD",SD,46033,45.4"Fremont, ID",ID,16043,45.3"Carroll, VA",VA,51035,45.3"Palo Alto, IA",IA,19147,45.2"Nance, NE",NE,31125,45.2"Morris, NJ",NJ,34027,45.2"Plymouth, IA",IA,19149,45.1"McLean, ND",ND,38055,45.1"McPherson, SD",SD,46089,45.1"Dodge, WI",WI,55027,45.1"Hunterdon, NJ",NJ,34019,45"Union, NJ",NJ,34039,44.9"Callaway, MO",MO,29027,44.8"Gallatin, KY",KY,21077,44.7"Lamar, MS",MS,28073,44.7"Story, IA",IA,19169,44.5"Clay, SD",SD,46027,44.5"Polk, TN",TN,47139,44.5"Skamania, WA",WA,53059,44.5"Watonwan, MN",MN,27165,44.4"Middlesex, NJ",NJ,34023,44.4"Frio, TX",TX,48163,44.4"Denver, CO",CO,8031,44.3"Cass, MI",MI,26027,44.3"Bergen, NJ",NJ,34003,44.3"Pacific, WA",WA,53049,44.3"Spencer, IN",IN,18147,44.2"Saunders, NE",NE,31155,44.1"Nassau, NY",NY,36059,44.1"Seneca, NY",NY,36099,44.1"Wheeler, GA",GA,13309,44"Orange, CA",CA,6059,43.9"Orange, NC",NC,37135,43.9"Addison, VT",VT,50001,43.8"Screven, GA",GA,13251,43.7"Carver, MN",MN,27019,43.7"Chatham, NC",NC,37037,43.7"Medina, TX",TX,48325,43.7"Richmond, VA",VA,51159,43.5"Island, WA",WA,53029,43.5"Putnam, OH",OH,39137,43.4"Atoka, OK",OK,40005,43.3"Charlotte, VA",VA,51037,43.3"Warren, IA",IA,19181,43.2"Hennepin, MN",MN,27053,43.2"Dunn, WI",WI,55033,43.1"Valdez-Cordova, AK",AK,2261,43"Gooding, ID",ID,16047,43"Cook, IL",IL,17031,43"Kossuth, IA",IA,19109,43"Benton, MN",MN,27009,43"Kane, IL",IL,17089,42.8"Jones, IA",IA,19105,42.8"McIntosh, ND",ND,38051,42.8"Roberts, SD",SD,46109,42.8"Orange, VT",VT,50017,42.8"San Diego, CA",CA,6073,42.7"Kit Carson, CO",CO,8063,42.6"Tioga, NY",NY,36107,42.5"Oglethorpe, GA",GA,13221,42.4"Essex, NJ",NJ,34013,42.4"King William, VA",VA,51101,42.3"San Juan, WA",WA,53055,42.3"Doddridge, WV",WV,54017,42.3"Taylor, GA",GA,13269,42.2"Hardee, FL",FL,12049,42.1"Johnson, GA",GA,13167,42.1"Moultrie, IL",IL,17139,42.1"Nantucket, MA",MA,25019,42"New York, NY",NY,36061,42"Trinity, TX",TX,48455,42"Prince Georges, MD",MD,24033,41.9"McKenzie, ND",ND,38053,41.9"Botetourt, VA",VA,51023,41.9"Jasper, IL",IL,17079,41.8"Jasper, MS",MS,28061,41.8"Chariton, MO",MO,29041,41.8"Putnam, NY",NY,36079,41.8"Paulding, OH",OH,39125,41.8"San Miguel, CO",CO,8113,41.6"Jo Daviess, IL",IL,17085,41.6"Edmonson, KY",KY,21061,41.6"Lake, MI",MI,26085,41.5"Cooper, MO",MO,29053,41.5"Freeborn, MN",MN,27047,41.4"Bottineau, ND",ND,38009,41.4"Jefferson, OK",OK,40067,41.4"Sumter, AL",AL,1119,41.3"Colusa, CA",CA,6011,41.2"Chisago, MN",MN,27025,41.1"Glacier, MT",MT,30035,41.1"Forest, PA",PA,42053,41"Piatt, IL",IL,17147,40.9"Jackson, LA",LA,22049,40.9"Fort Bend, TX",TX,48157,40.9"Dade, MO",MO,29057,40.7"Kidder, ND",ND,38043,40.7"St. Croix, WI",WI,55109,40.7"Neosho, KS",KS,20133,40.6"Traill, ND",ND,38097,40.6"Prince William, VA",VA,51153,40.6"Kittson, MN",MN,27069,40.4"Blaine, ID",ID,16013,40.3"Mills, IA",IA,19129,40.3"Blaine, MT",MT,30005,40.2"Liberty, FL",FL,12077,40"Ouray, CO",CO,8091,39.9"Brown, IN",IN,18013,39.9"Jackson, IA",IA,19097,39.9"Scott, MN",MN,27139,39.9"Logan, AR",AR,5083,39.8"Todd, KY",KY,21219,39.7"Ochiltree, TX",TX,48357,39.7"Clinton, MI",MI,26037,39.6"Oconto, WI",WI,55083,39.6"Lawrence, AR",AR,5075,39.5"Val Verde, TX",TX,48465,39.5"Marin, CA",CA,6041,39.4"Ontonagon, MI",MI,26131,39.4"Ste. Genevieve, MO",MO,29186,39.3"Buchanan, IA",IA,19019,39.2"Cibola, NM",NM,35006,39.2"McCook, SD",SD,46087,39.2"Middlesex, MA",MA,25017,38.8"Norman, MN",MN,27107,38.8"Somerset, NJ",NJ,34035,38.8"Goshen, WY",WY,56015,38.8"Hughes, OK",OK,40063,38.7"Bandera, TX",TX,48019,38.5"Bosque, TX",TX,48035,38.5"Hudson, NJ",NJ,34017,38.3"Loudoun, VA",VA,51107,38.3"Jenkins, GA",GA,13165,38"Jefferson, ID",ID,16051,37.9"Macoupin, IL",IL,17117,37.9"Meeker, MN",MN,27093,37.9"Washington, AL",AL,1129,37.8"Dallas, MO",MO,29059,37.8"Yates, NY",NY,36123,37.8"Perquimans, NC",NC,37143,37.8"Montgomery, MD",MD,24031,37.6"Yellow Medicine, MN",MN,27173,37.6"Mercer, IL",IL,17131,37.5"Pecos, TX",TX,48371,37.5"Lee, SC",SC,45061,37.4"El Paso, TX",TX,48141,37.4"Rosebud, MT",MT,30087,37.3"Howard, MD",MD,24027,37.1"Cedar, NE",NE,31027,37.1"Hamilton, FL",FL,12047,37"Trimble, KY",KY,21223,37"Westchester, NY",NY,36119,37"Clinton, IL",IL,17027,36.9"Howard, IA",IA,19089,36.7"Clark, WI",WI,55019,36.6"Kiowa, KS",KS,20097,36.5"Suffolk, MA",MA,25025,36.5"Pierce, WI",WI,55093,36.5"Chickasaw, IA",IA,19037,36.4"Cass, ND",ND,38017,36.4"Fluvanna, VA",VA,51065,36.4"Marquette, WI",WI,55077,36.4"Lewis, NY",NY,36049,36.3"Clear Creek, CO",CO,8019,36.1"Murray, MN",MN,27101,36"Cass, MN",MN,27021,35.9"Alexandria, VA",VA,51510,35.9"Clayton, IA",IA,19043,35.8"Miner, SD",SD,46097,35.8"District of Columbia, DC",DC,11001,35.7"Johnson, IA",IA,19103,35.7"Honolulu, HI",HI,15003,35.6"Richland, ND",ND,38077,35.6"San Francisco, CA",CA,6075,35.4"Tallahatchie, MS",MS,28135,35.4"Los Angeles, CA",CA,6037,35.3"Marshall, KS",KS,20117,35.3"Deuel, SD",SD,46039,35.3"Woods, OK",OK,40151,35.2"Elbert, CO",CO,8039,35.1"Rockland, NY",NY,36087,35.1"Crawford, IL",IL,17033,34.9"Northumberland, VA",VA,51133,34.9"Assumption, LA",LA,22007,34.7"Greene, NC",NC,37079,34.6"LaMoure, ND",ND,38045,34.4"Rusk, WI",WI,55107,34.4"Kodiak Island, AK",AK,2150,34.2"Nelson, ND",ND,38063,34.1"Chouteau, MT",MT,30015,34"Warren, NC",NC,37185,33.9"Campbell, VA",VA,51031,33.9"Shelby, IL",IL,17173,33.7"Alameda, CA",CA,6001,33.6"Minidoka, ID",ID,16067,33.6"Morgan, MO",MO,29141,33.5"Olmsted, MN",MN,27109,33.3"San Mateo, CA",CA,6081,33.2"Phillips, CO",CO,8095,33.2"Shelby, MO",MO,29205,33.1"Charles Mix, SD",SD,46023,33.1"Cumberland, VA",VA,51049,33.1"Carroll, IN",IN,18015,32.9"Rockingham, VA",VA,51165,32.6"Red Lake, MN",MN,27125,32.5"Daviess, MO",MO,29061,32.5"Bureau, IL",IL,17011,32.4"Crowley, CO",CO,8025,32.3"Hancock, IL",IL,17067,32.3"Bronx, NY",NY,36005,32.2"Lincoln, SD",SD,46083,32.2"Starr, TX",TX,48427,32.2"Lake, MN",MN,27075,32.1"Miami-Dade, FL",FL,12086,32"Fairfax, VA",VA,51059,32"Edwards, KS",KS,20047,31.9"Lampasas, TX",TX,48281,31.7"Renville, MN",MN,27129,31.6"Taylor, WI",WI,55119,31.5"Johnson, IL",IL,17087,31.4"Atchison, MO",MO,29005,31.4"Lewis, KY",KY,21135,31.3"Fillmore, MN",MN,27045,31.3"Liberty, MT",MT,30051,31.2"Rich, UT",UT,49033,31.2"Ida, IA",IA,19093,31.1"Alcona, MI",MI,26001,31"Burleson, TX",TX,48051,30.9"Cass, IL",IL,17017,30.7"Lyon, IA",IA,19119,30.7"Sibley, MN",MN,27143,30.6"Cuming, NE",NE,31039,30.6"Nemaha, KS",KS,20131,30.5"Tama, IA",IA,19171,30.4"Jones, TX",TX,48253,30.3"Clark, IL",IL,17023,30.1"Putnam, IL",IL,17155,30.1"Adams, WA",WA,53001,30"Carroll, IL",IL,17015,29.8"Jackson, TX",TX,48239,29.6"Franklin, AR",AR,5047,29.5"Hidalgo, TX",TX,48215,29.5"Washburn, WI",WI,55129,29.5"Cameron, TX",TX,48061,29.4"Louisa, IA",IA,19115,29.3"Rio Blanco, CO",CO,8103,29.2"Maverick, TX",TX,48323,29.1"Augusta, VA",VA,51015,29.1"Alexander, NC",NC,37003,29"Holmes, OH",OH,39075,29"Lake, SD",SD,46079,29"Webb, TX",TX,48479,29"Sierra, CA",CA,6091,28.7"Rock, MN",MN,27133,28.7"Miami, KS",KS,20121,28.5"Pitkin, CO",CO,8097,28.4"Sioux, IA",IA,19167,28.4"Torrance, NM",NM,35057,28.4"Brooks, TX",TX,48047,28"Wayne, MO",MO,29223,27.9"Iowa, IA",IA,19095,27.7"Clarke, VA",VA,51043,27.7"Montgomery, GA",GA,13209,27.6"Pike, IL",IL,17149,27.6"Todd, MN",MN,27153,27.4"Knox, NE",NE,31107,27.4"Lincoln, OK",OK,40081,27.4"Boyd, NE",NE,31015,27.3"Wahkiakum, WA",WA,53069,27.3"Monroe, WV",WV,54063,27.1"Moore, TN",TN,47127,26.9"Coosa, AL",AL,1037,26.8"Jackson, WI",WI,55053,26.8"Nelson, VA",VA,51125,26.7"Ogle, IL",IL,17141,26.5"Mitchell, IA",IA,19131,26.5"Trigg, KY",KY,21221,26.4"Roosevelt, MT",MT,30085,26.4"Cass, NE",NE,31025,26.4"Newton, IN",IN,18111,26.3"Roosevelt, NM",NM,35041,26.3"Santa Clara, CA",CA,6085,26.1"Hancock, KY",KY,21091,26.1"Goliad, TX",TX,48175,26.1"Arlington, VA",VA,51013,26.1"Washington, IL",IL,17189,26"Pierce, NE",NE,31139,26"Queens, NY",NY,36081,26"Polk, NE",NE,31143,25.7"Butte, SD",SD,46019,25.7"Osage, MO",MO,29151,25.6"Noble, OH",OH,39121,25.6"Brunswick, VA",VA,51025,25.6"Nicollet, MN",MN,27103,25.5"Marshall, MN",MN,27089,25.4"Waushara, WI",WI,55137,25.3"Woodford, IL",IL,17203,25.1"Santa Cruz, AZ",AZ,4023,24.8"Kewaunee, WI",WI,55061,24.8"Missaukee, MI",MI,26113,24.7"Kings, NY",NY,36047,24.7"Texas, OK",OK,40139,24.6"Sussex, VA",VA,51183,24.6"LaGrange, IN",IN,18087,24.5"Pittsylvania, VA",VA,51143,24.4"Kingfisher, OK",OK,40073,23.7"Klickitat, WA",WA,53039,23.7"Trempealeau, WI",WI,55121,23.5"Bullock, AL",AL,1011,23.4"McKinley, NM",NM,35031,23.1"Houston, MN",MN,27055,23"Tyler, TX",TX,48457,22.9"Cedar, IA",IA,19031,22.7"Owyhee, ID",ID,16073,22.6"Taylor, IA",IA,19173,22.4"Grant, OK",OK,40053,22.3"Le Sueur, MN",MN,27079,22.2"Upshur, TX",TX,48459,22.2"Houston, TX",TX,48225,22"Leelanau, MI",MI,26089,21.6"Coffey, KS",KS,20031,21.4"Schley, GA",GA,13249,21.2"Gray, KS",KS,20069,21.2"Benton, IN",IN,18007,21.1"Sac, IA",IA,19161,21.1"Bracken, KY",KY,21023,21.1"Live Oak, TX",TX,48297,21.1"Hettinger, ND",ND,38041,20.9"Custer, ID",ID,16037,20.6"Caroline, VA",VA,51033,20.6"Calumet, WI",WI,55015,20.6"Marion, GA",GA,13197,19.9"Currituck, NC",NC,37053,19.8"Lee, TX",TX,48287,19.6"Tunica, MS",MS,28143,19.5"Grimes, TX",TX,48185,19.5"San Juan, UT",UT,49037,19.2"Kingsbury, SD",SD,46077,19.1"Haskell, TX",TX,48207,18.9"Apache, AZ",AZ,4001,18.8"Noble, OK",OK,40103,18.6"Renville, ND",ND,38075,18.5"Chautauqua, KS",KS,20019,18.4"Grand Isle, VT",VT,50013,18.4"Turner, SD",SD,46125,18.3"Dodge, MN",MN,27039,18.2"Lyman, SD",SD,46085,18"Morrow, OR",OR,41049,17.9"Douglas, IL",IL,17041,17.8"Butler, IA",IA,19023,17.7"Cedar, MO",MO,29039,17.7"Dunn, ND",ND,38025,17.5"Richland, WI",WI,55103,17.5"Blanco, TX",TX,48031,17.1"Lanier, GA",GA,13173,16.4"Sullivan, MO",MO,29211,16.3"Dallas, IA",IA,19049,16.1"Grundy, IA",IA,19075,15.8"Jefferson, MT",MT,30043,15.6"Franklin, IA",IA,19069,15.3"Goochland, VA",VA,51075,15.3"Benton, IA",IA,19011,15.2"Meade, SD",SD,46093,15"Duval, TX",TX,48131,15"Chambers, TX",TX,48071,14.5"Stevens, KS",KS,20189,14.2"Zapata, TX",TX,48505,14.2"Caswell, NC",NC,37033,14.1"Osage, OK",OK,40113,14.1"Lafayette, WI",WI,55065,14.1"Pike, GA",GA,13231,13.8"Elk, KS",KS,20049,13.5"Maries, MO",MO,29125,12.5"Dixon, NE",NE,31051,12.5"Harper, OK",OK,40059,12.4"Mountrail, ND",ND,38061,12.1"Fulton, PA",PA,42057,12"Wabasha, MN",MN,27157,11.7"Garfield, NE",NE,31071,11.4"Valley, NE",NE,31175,11.2"Essex, VT",VT,50009,10.8"Sitka, AK",AK,2220,10.5"Bayfield, WI",WI,55007,10.4"Okfuskee, OK",OK,40107,9.7"Blaine, OK",OK,40011,9.5"Adams, IA",IA,19003,9.3"Marion, KS",KS,20115,9.3"Harris, GA",GA,13145,9"Van Buren, TN",TN,47175,9"Meigs, TN",TN,47121,8.7"Grayson, VA",VA,51077,8.7"Clay, KS",KS,20027,8.6"Guadalupe, NM",NM,35019,8.6"Pushmataha, OK",OK,40127,8.3"Cotton, OK",OK,40033,8"Johnston, OK",OK,40069,8"Hickory, MO",MO,29085,7.7"Daniels, MT",MT,30019,7.5"Benson, ND",ND,38005,7.5"Livingston, KY",KY,21139,7.4"Yoakum, TX",TX,48501,7.1"Wayne, IA",IA,19185,6.9"De Baca, NM",NM,35011,6.9"Barber, KS",KS,20007,6.8"Fisher, TX",TX,48151,6.8"Guthrie, IA",IA,19077,6.7"Craig, VA",VA,51045,6.5"Clark, MO",MO,29045,6.4"Bath, VA",VA,51017,6.2"Anderson, KS",KS,20003,6"Clark, KS",KS,20025,6"Linn, KS",KS,20107,5.9"Major, OK",OK,40093,5.9"Somervell, TX",TX,48425,5.9"Dickens, TX",TX,48125,5.8"Dinwiddie, VA",VA,51053,5.6"Ford, IL",IL,17053,5.5"Alfalfa, OK",OK,40003,5.5"Morris, KS",KS,20127,5.4"Jones, NC",NC,37103,5.4"Waller, TX",TX,48473,5.4"Rolette, ND",ND,38079,5.3"Greenwood, KS",KS,20073,5.2"Ness, KS",KS,20135,5.2"Phillips, KS",KS,20147,5.2"Fillmore, NE",NE,31059,5.2"Thayer, NE",NE,31169,5.2"Hodgeman, KS",KS,20083,5.1"Republic, KS",KS,20157,5.1"Boone, NE",NE,31011,5.1"Hamilton, TX",TX,48193,5.1"Sutton, TX",TX,48435,5.1"Glades, FL",FL,12043,4.9"Webster, NE",NE,31181,4.9"Pike, AR",AR,5109,4.7"Woodruff, AR",AR,5147,4.7"Lincoln, KS",KS,20105,4.7"Menifee, KY",KY,21165,4.7"Middlesex, VA",VA,51119,4.5"St. Clair, MO",MO,29185,4.3"Worth, MO",MO,29227,4.3"Deuel, NE",NE,31049,4.3"Dewey, OK",OK,40043,4.3"Coleman, TX",TX,48083,4.3"Greene, IL",IL,17061,4.2"Franklin, NE",NE,31061,4.2"Roger Mills, OK",OK,40129,4.2"Donley, TX",TX,48129,4.2"Mason, TX",TX,48319,4.2"San Augustine, TX",TX,48405,4.2"Schuyler, IL",IL,17169,4.1"Haskell, KS",KS,20081,4.1"Perry, AL",AL,1105,4"Russell, KS",KS,20167,4"Robertson, TX",TX,48395,4"Calhoun, SC",SC,45017,3.9"Sabine, TX",TX,48403,3.9"Logan, KS",KS,20109,3.8"Elliott, KY",KY,21063,3.8"Madison, MT",MT,30057,3.8"Furnas, NE",NE,31065,3.8"Stonewall, TX",TX,48433,3.8"Hall, TX",TX,48191,3.7"Ottawa, KS",KS,20143,3.6"Rawlins, KS",KS,20153,3.6"Rooks, KS",KS,20163,3.6"Scotland, MO",MO,29199,3.6"Sedgwick, CO",CO,8115,3.5"Floyd, TX",TX,48153,3.5"Red River, TX",TX,48387,3.5"Hamilton, IL",IL,17065,3.4"Lewis, MO",MO,29111,3.4"Washita, OK",OK,40149,3.4"Delta, TX",TX,48119,3.4"Brown, IL",IL,17009,3.3"Howard, MO",MO,29089,3.3"Grant, OR",OR,41023,3.3"Freestone, TX",TX,48161,3.3"Leon, TX",TX,48289,3.3"Osage, KS",KS,20139,3.2"Spink, SD",SD,46115,3.1"Caldwell, MO",MO,29025,3"Monroe, MO",MO,29137,3"Gates, NC",NC,37073,3"Lunenburg, VA",VA,51111,3"Grant, LA",LA,22043,2.9"Sherman, NE",NE,31163,2.9"Thurston, NE",NE,31173,2.9"Southampton, VA",VA,51175,2.9"Gove, KS",KS,20063,2.8"Plaquemines, LA",LA,22075,2.8"Fallon, MT",MT,30025,2.8"San Saba, TX",TX,48411,2.8"Lincoln, GA",GA,13181,2.7"Stillwater, MT",MT,30095,2.7"Hemphill, TX",TX,48211,2.7"Mitchell, TX",TX,48335,2.7"Woodson, KS",KS,20207,2.6"Knox, MO",MO,29103,2.5"Callahan, TX",TX,48059,2.5"Carson, TX",TX,48065,2.5"Comanche, KS",KS,20033,2.4"Pottawatomie, KS",KS,20149,2.4"Wheatland, MT",MT,30107,2.4"McCormick, SC",SC,45065,2.4"Calhoun, IL",IL,17013,2.3"Madison, LA",LA,22065,2.3"Swisher, TX",TX,48437,2.3"Big Horn, MT",MT,30003,2.2"Martin, TX",TX,48317,2.2"Buffalo, WI",WI,55011,2.2"Wilcox, GA",GA,13315,2.1"Wells, ND",ND,38103,2.1"Stanley, SD",SD,46117,2.1"Kinney, TX",TX,48271,2.1"Buckingham, VA",VA,51029,2.1"Cumberland, IL",IL,17035,2"Sheridan, KS",KS,20179,2"Moniteau, MO",MO,29135,2"Henderson, IL",IL,17071,1.9"Dickinson, KS",KS,20041,1.9"Reynolds, MO",MO,29179,1.9"Carbon, MT",MT,30009,1.9"Brule, SD",SD,46015,1.9"Jack, TX",TX,48237,1.9"Upton, TX",TX,48461,1.9"Newton, AR",AR,5101,1.8"Menard, IL",IL,17129,1.8"Ohio, IN",IN,18115,1.8"Meade, KS",KS,20119,1.8"Sweet Grass, MT",MT,30097,1.8"Parmer, TX",TX,48369,1.8"Lafayette, AR",AR,5073,1.7"Crosby, TX",TX,48107,1.7"Garza, TX",TX,48169,1.7"Newton, TX",TX,48351,1.7"Refugio, TX",TX,48391,1.7"Van Buren, IA",IA,19177,1.6"Cook, MN",MN,27031,1.6"Andrew, MO",MO,29003,1.6"Hand, SD",SD,46059,1.6"Castro, TX",TX,48069,1.6"Hansford, TX",TX,48195,1.6"Jim Hogg, TX",TX,48247,1.6"Marion, TX",TX,48315,1.6"Osceola, IA",IA,19143,1.5"Stanton, KS",KS,20187,1.5"Lynn, TX",TX,48305,1.5"Niobrara, WY",WY,56027,1.5"Colfax, NE",NE,31037,1.4"Northampton, NC",NC,37131,1.4"Conejos, CO",CO,8021,1.3"Lander, NV",NV,32015,1.3"Sherman, TX",TX,48421,1.3"Lincoln, CO",CO,8073,1.2"Jefferson, KS",KS,20087,1.2"Putnam, MO",MO,29171,1.2"Sheridan, NE",NE,31161,1.2"Clay, NE",NE,31035,1.1"Sargent, ND",ND,38081,1.1"San Jacinto, TX",TX,48407,1.1"Calhoun, GA",GA,13037,1"Warren, GA",GA,13301,1"Worth, IA",IA,19195,1"Shannon, MO",MO,29203,1"Crawford, GA",GA,13079,0.9"Twiggs, GA",GA,13289,0.9"Carter, MO",MO,29035,0.9"Broadwater, MT",MT,30007,0.9"Vinton, OH",OH,39163,0.9"Moody, SD",SD,46101,0.9"Zavala, TX",TX,48507,0.9"McHenry, ND",ND,38049,0.8"Bennett, SD",SD,46007,0.8"Carroll, MS",MS,28015,0.7"Greeley, NE",NE,31077,0.7"Day, SD",SD,46037,0.7"Cleveland, AR",AR,5025,0.6"Dooly, GA",GA,13093,0.6"Heard, GA",GA,13149,0.6"Hancock, IA",IA,19081,0.6"Jackson, MN",MN,27063,0.6"Potter, SD",SD,46107,0.6"Crook, WY",WY,56011,0.6"Greenlee, AZ",AZ,4011,0.5"Lowndes, AL",AL,1085,0.4"Wrangell, AK",AK,2275,0.4"Jewell, KS",KS,20089,0.4"Divide, ND",ND,38023,0.4"La Salle, TX",TX,48283,0.4"Reagan, TX",TX,48383,0.4"Scott, IL",IL,17171,0.3"Grant, ND",ND,38037,0.3"Logan, ND",ND,38047,0.3"Towner, ND",ND,38095,0.3"Faulk, SD",SD,46049,0.3"Griggs, ND",ND,38039,0.2"Clark, SD",SD,46025,0.2"Jerauld, SD",SD,46073,0.2"Jefferson, MS",MS,28063,0.1"Bon Homme, SD",SD,46009,0.1"Park, CO",CO,8093,0"Long, GA",GA,13183,0